/*
Navicat MySQL Data Transfer

Source Server         : Mysql
Source Server Version : 50720
Source Host           : localhost:3306
Source Database       : hom1db

Target Server Type    : MYSQL
Target Server Version : 50720
File Encoding         : 65001

Date: 2019-12-11 16:28:00
*/

SET FOREIGN_KEY_CHECKS=0;

-- ----------------------------
-- Table structure for attachment
-- ----------------------------
DROP TABLE IF EXISTS `attachment`;
CREATE TABLE `attachment` (
  `attach_id` bigint(20) NOT NULL,
  `attach_created` datetime DEFAULT NULL,
  `attach_location` varchar(255) DEFAULT NULL,
  `attach_name` varchar(255) DEFAULT NULL,
  `attach_origin` int(11) DEFAULT NULL,
  `attach_path` varchar(255) DEFAULT NULL,
  `attach_size` varchar(255) DEFAULT NULL,
  `attach_small_path` varchar(255) DEFAULT NULL,
  `attach_suffix` varchar(255) DEFAULT NULL,
  `attach_type` varchar(255) DEFAULT NULL,
  `attach_wh` varchar(255) DEFAULT NULL,
  PRIMARY KEY (`attach_id`)
) ENGINE=MyISAM DEFAULT CHARSET=utf8;

-- ----------------------------
-- Records of attachment
-- ----------------------------
INSERT INTO `attachment` VALUES ('1', '2019-11-22 11:54:57', 'qiniu', 'jd.svg', '0', 'http://q1clvr752.bkt.clouddn.com/website/1574394895548jd.svg', '930B', 'http://q1clvr752.bkt.clouddn.com/website/1574394895548jd.svg', '.svg', 'image/svg+xml', '200x200');
INSERT INTO `attachment` VALUES ('2', '2019-11-22 12:42:22', 'qiniu', 'suning.svg', '0', 'http://img.168dh.cn/website/1574397741691suning.svg', '1KB', 'http://img.168dh.cn/website/1574397741691suning.svg', '.svg', 'image/svg+xml', '200x200');
INSERT INTO `attachment` VALUES ('3', '2019-11-22 12:44:26', 'qiniu', 'guomei.png', '0', 'http://img.168dh.cn/website/1574397866063guomei.png', '24KB', 'http://img.168dh.cn/website/1574397866063guomei.png', '.png', 'image/png', '64x64');
INSERT INTO `attachment` VALUES ('4', '2019-11-22 12:48:28', 'qiniu', 'dangdang.svg', '0', 'http://img.168dh.cn/website/1574398107759dangdang.svg', '2KB', 'http://img.168dh.cn/website/1574398107759dangdang.svg', '.svg', 'image/svg+xml', '200x200');
INSERT INTO `attachment` VALUES ('5', '2019-11-22 12:50:13', 'qiniu', 'taobao.svg', '0', 'http://img.168dh.cn/website/1574398211213taobao.svg', '4KB', 'http://img.168dh.cn/website/1574398211213taobao.svg', '.svg', 'image/svg+xml', '256x256');
INSERT INTO `attachment` VALUES ('6', '2019-11-22 12:52:01', 'qiniu', 'tmall.svg', '0', 'http://img.168dh.cn/website/1574398320508tmall.svg', '5KB', 'http://img.168dh.cn/website/1574398320508tmall.svg', '.svg', 'image/svg+xml', '200x200');
INSERT INTO `attachment` VALUES ('7', '2019-11-22 12:54:04', 'qiniu', 'amazon.svg', '0', 'http://img.168dh.cn/website/1574398443756amazon.svg', '974B', 'http://img.168dh.cn/website/1574398443756amazon.svg', '.svg', 'image/svg+xml', '31x32');
INSERT INTO `attachment` VALUES ('8', '2019-11-22 12:55:42', 'qiniu', 'juhuasuan.svg', '0', 'http://img.168dh.cn/website/1574398541667juhuasuan.svg', '3KB', 'http://img.168dh.cn/website/1574398541667juhuasuan.svg', '.svg', 'image/svg+xml', '200x200');
INSERT INTO `attachment` VALUES ('9', '2019-11-22 12:58:43', 'qiniu', 'aitaobao.svg', '0', 'http://img.168dh.cn/website/1574398723004aitaobao.svg', '2KB', 'http://img.168dh.cn/website/1574398723004aitaobao.svg', '.svg', 'image/svg+xml', '247x200');
INSERT INTO `attachment` VALUES ('10', '2019-11-22 12:59:53', 'qiniu', 'kaola.svg', '0', 'http://img.168dh.cn/website/1574398792388kaola.svg', '2KB', 'http://img.168dh.cn/website/1574398792388kaola.svg', '.svg', 'image/svg+xml', '200x200');
INSERT INTO `attachment` VALUES ('11', '2019-11-22 13:01:13', 'qiniu', 'yanxuan.svg', '0', 'http://img.168dh.cn/website/1574398872764yanxuan.svg', '9KB', 'http://img.168dh.cn/website/1574398872764yanxuan.svg', '.svg', 'image/svg+xml', '200x200');
INSERT INTO `attachment` VALUES ('12', '2019-11-22 13:02:08', 'qiniu', 'aliyun.svg', '0', 'http://img.168dh.cn/website/1574398927288aliyun.svg', '1KB', 'http://img.168dh.cn/website/1574398927288aliyun.svg', '.svg', 'image/svg+xml', '308x200');
INSERT INTO `attachment` VALUES ('13', '2019-11-22 13:16:53', 'qiniu', 'bilibili.svg', '0', 'http://img.168dh.cn/website/1574399812291bilibili.svg', '2KB', 'http://img.168dh.cn/website/1574399812291bilibili.svg', '.svg', 'image/svg+xml', '221x200');
INSERT INTO `attachment` VALUES ('14', '2019-11-22 13:17:46', 'qiniu', 'iqiyi.svg', '0', 'http://img.168dh.cn/website/1574399865411iqiyi.svg', '5KB', 'http://img.168dh.cn/website/1574399865411iqiyi.svg', '.svg', 'image/svg+xml', '200x200');
INSERT INTO `attachment` VALUES ('15', '2019-11-22 13:18:49', 'qiniu', 'tengxunshipin.svg', '0', 'http://img.168dh.cn/website/1574399928451tengxunshipin.svg', '4KB', 'http://img.168dh.cn/website/1574399928451tengxunshipin.svg', '.svg', 'image/svg+xml', '221x200');
INSERT INTO `attachment` VALUES ('16', '2019-11-22 13:20:04', 'qiniu', 'youku.svg', '0', 'http://img.168dh.cn/website/1574400003893youku.svg', '5KB', 'http://img.168dh.cn/website/1574400003893youku.svg', '.svg', 'image/svg+xml', '200x200');
INSERT INTO `attachment` VALUES ('17', '2019-11-22 13:21:10', 'qiniu', 'mgtv.svg', '0', 'http://img.168dh.cn/website/1574400069739mgtv.svg', '1KB', 'http://img.168dh.cn/website/1574400069739mgtv.svg', '.svg', 'image/svg+xml', '200x200');
INSERT INTO `attachment` VALUES ('18', '2019-11-22 13:35:05', 'qiniu', 'tudou.svg', '0', 'http://img.168dh.cn/website/1574400904165tudou.svg', '1KB', 'http://img.168dh.cn/website/1574400904165tudou.svg', '.svg', 'image/svg+xml', '200x200');
INSERT INTO `attachment` VALUES ('19', '2019-11-22 13:36:10', 'qiniu', 'cctv.png', '0', 'http://img.168dh.cn/website/1574400969331cctv.png', '18KB', 'http://img.168dh.cn/website/1574400969331cctv.png', '.png', 'image/png', '64x64');
INSERT INTO `attachment` VALUES ('20', '2019-11-22 13:42:33', 'qiniu', 'music163.svg', '0', 'http://img.168dh.cn/website/1574401352898music163.svg', '2KB', 'http://img.168dh.cn/website/1574401352898music163.svg', '.svg', 'image/svg+xml', '200x200');
INSERT INTO `attachment` VALUES ('21', '2019-11-22 13:44:07', 'qiniu', 'kugou.svg', '0', 'http://img.168dh.cn/website/1574401446562kugou.svg', '1KB', 'http://img.168dh.cn/website/1574401446562kugou.svg', '.svg', 'image/svg+xml', '200x200');
INSERT INTO `attachment` VALUES ('22', '2019-11-22 13:45:14', 'qiniu', 'musicqq.svg', '0', 'http://img.168dh.cn/website/1574401513418musicqq.svg', '1KB', 'http://img.168dh.cn/website/1574401513418musicqq.svg', '.svg', 'image/svg+xml', '200x200');
INSERT INTO `attachment` VALUES ('23', '2019-11-22 13:46:25', 'qiniu', 'xiami.svg', '0', 'http://img.168dh.cn/website/1574401585186xiami.svg', '3KB', 'http://img.168dh.cn/website/1574401585186xiami.svg', '.svg', 'image/svg+xml', '200x200');
INSERT INTO `attachment` VALUES ('24', '2019-11-22 13:47:33', 'qiniu', 'kuwo.svg', '0', 'http://img.168dh.cn/website/1574401652651kuwo.svg', '4KB', 'http://img.168dh.cn/website/1574401652651kuwo.svg', '.svg', 'image/svg+xml', '200x200');
INSERT INTO `attachment` VALUES ('25', '2019-11-22 13:48:40', 'qiniu', 'doubanfm.png', '0', 'http://img.168dh.cn/website/1574401719347doubanfm.png', '2KB', 'http://img.168dh.cn/website/1574401719347doubanfm.png', '.png', 'image/png', '32x32');
INSERT INTO `attachment` VALUES ('26', '2019-11-22 13:58:34', 'qiniu', 'xiecheng.svg', '0', 'http://img.168dh.cn/website/1574402313228xiecheng.svg', '2KB', 'http://img.168dh.cn/website/1574402313228xiecheng.svg', '.svg', 'image/svg+xml', '200x200');
INSERT INTO `attachment` VALUES ('27', '2019-11-22 14:00:46', 'qiniu', 'feizhu.svg', '0', 'http://img.168dh.cn/website/1574402445651feizhu.svg', '3KB', 'http://img.168dh.cn/website/1574402445651feizhu.svg', '.svg', 'image/svg+xml', '233x200');
INSERT INTO `attachment` VALUES ('28', '2019-11-22 14:02:22', 'qiniu', 'tongcheng.png', '0', 'http://img.168dh.cn/website/1574402541908tongcheng.png', '4KB', 'http://img.168dh.cn/website/1574402541908tongcheng.png', '.png', 'image/png', '0x0');
INSERT INTO `attachment` VALUES ('29', '2019-11-22 14:03:41', 'qiniu', 'tuniu.png', '0', 'http://img.168dh.cn/website/1574402620867tuniu.png', '1KB', 'http://img.168dh.cn/website/1574402620867tuniu.png', '.png', 'image/png', '100x107');
INSERT INTO `attachment` VALUES ('30', '2019-11-22 14:04:51', 'qiniu', 'qunaer.svg', '0', 'http://img.168dh.cn/website/1574402690939qunaer.svg', '5KB', 'http://img.168dh.cn/website/1574402690939qunaer.svg', '.svg', 'image/svg+xml', '64x64');
INSERT INTO `attachment` VALUES ('31', '2019-11-22 14:06:53', 'qiniu', 'lvmama.png', '0', 'http://img.168dh.cn/website/1574402811626lvmama.png', '4KB', 'http://img.168dh.cn/website/1574402811626lvmama.png', '.png', 'image/png', '0x0');
INSERT INTO `attachment` VALUES ('32', '2019-11-22 14:20:55', 'qiniu', '36kr.png', '0', 'http://img.168dh.cn/website/157440365453136kr.png', '879B', 'http://img.168dh.cn/website/157440365453136kr.png', '.png', 'image/png', '32x32');
INSERT INTO `attachment` VALUES ('33', '2019-11-22 14:23:31', 'qiniu', 'huxiu.png', '0', 'http://img.168dh.cn/website/1574403810205huxiu.png', '965B', 'http://img.168dh.cn/website/1574403810205huxiu.png', '.png', 'image/png', '100x100');
INSERT INTO `attachment` VALUES ('34', '2019-11-22 14:25:24', 'qiniu', 'wanqu.png', '0', 'http://img.168dh.cn/website/1574403923350wanqu.png', '8KB', 'http://img.168dh.cn/website/1574403923350wanqu.png', '.png', 'image/png', '512x512');
INSERT INTO `attachment` VALUES ('35', '2019-11-22 14:28:28', 'qiniu', 'solidot.png', '0', 'http://img.168dh.cn/website/1574404107115solidot.png', '14KB', 'http://img.168dh.cn/website/1574404107115solidot.png', '.png', 'image/png', '256x256');
INSERT INTO `attachment` VALUES ('36', '2019-11-22 14:31:11', 'qiniu', 'geekpark.png', '0', 'http://img.168dh.cn/website/1574404270503geekpark.png', '1KB', 'http://img.168dh.cn/website/1574404270503geekpark.png', '.png', 'image/png', '30x30');
INSERT INTO `attachment` VALUES ('37', '2019-11-22 14:36:20', 'qiniu', 'ifeng.svg', '0', 'http://img.168dh.cn/website/1574404579218ifeng.svg', '7KB', 'http://img.168dh.cn/website/1574404579218ifeng.svg', '.svg', 'image/svg+xml', '200x200');
INSERT INTO `attachment` VALUES ('38', '2019-11-22 14:37:22', 'qiniu', 'huanqiu.png', '0', 'http://img.168dh.cn/website/1574404641111huanqiu.png', '18KB', 'http://img.168dh.cn/website/1574404641111huanqiu.png', '.png', 'image/png', '64x64');
INSERT INTO `attachment` VALUES ('39', '2019-11-22 14:38:29', 'qiniu', 'thepaper.png', '0', 'http://img.168dh.cn/website/1574404708388thepaper.png', '25KB', 'http://img.168dh.cn/website/1574404708388thepaper.png', '.png', 'image/png', '64x64');
INSERT INTO `attachment` VALUES ('40', '2019-11-22 14:39:33', 'qiniu', 'tengxunxinwen.svg', '0', 'http://img.168dh.cn/website/1574404772897tengxunxinwen.svg', '3KB', 'http://img.168dh.cn/website/1574404772897tengxunxinwen.svg', '.svg', 'image/svg+xml', '512x512');
INSERT INTO `attachment` VALUES ('41', '2019-11-22 14:40:40', 'qiniu', 'xinlangxinwen.svg', '0', 'http://img.168dh.cn/website/1574404840081xinlangxinwen.svg', '5KB', 'http://img.168dh.cn/website/1574404840081xinlangxinwen.svg', '.svg', 'image/svg+xml', '512x512');
INSERT INTO `attachment` VALUES ('42', '2019-11-22 14:42:08', 'qiniu', 'sohuxinwen.svg', '0', 'http://img.168dh.cn/website/1574404927164sohuxinwen.svg', '3KB', 'http://img.168dh.cn/website/1574404927164sohuxinwen.svg', '.svg', 'image/svg+xml', '202x200');
INSERT INTO `attachment` VALUES ('43', '2019-11-22 14:43:01', 'qiniu', 'wangyixinwen.png', '0', 'http://img.168dh.cn/website/1574404980203wangyixinwen.png', '18KB', 'http://img.168dh.cn/website/1574404980203wangyixinwen.png', '.png', 'image/png', '64x64');
INSERT INTO `attachment` VALUES ('44', '2019-11-22 14:43:49', 'qiniu', 'guanchazhe.png', '0', 'http://img.168dh.cn/website/1574405028321guanchazhe.png', '21KB', 'http://img.168dh.cn/website/1574405028321guanchazhe.png', '.png', 'image/png', '64x64');
INSERT INTO `attachment` VALUES ('45', '2019-11-22 14:49:47', 'qiniu', 'jiemian.png', '0', 'http://img.168dh.cn/website/1574405386475jiemian.png', '16KB', 'http://img.168dh.cn/website/1574405386475jiemian.png', '.png', 'image/png', '64x64');
INSERT INTO `attachment` VALUES ('46', '2019-11-22 15:42:57', 'qiniu', 'junshitoutiao.png', '0', 'http://img.168dh.cn/website/1574408576405junshitoutiao.png', '21KB', 'http://img.168dh.cn/website/1574408576405junshitoutiao.png', '.png', '', '64x64');
INSERT INTO `attachment` VALUES ('47', '2019-11-22 15:42:58', 'qiniu', 'zhonghuajunshi.png', '0', 'http://img.168dh.cn/website/1574408577537zhonghuajunshi.png', '18KB', 'http://img.168dh.cn/website/1574408577537zhonghuajunshi.png', '.png', '', '64x64');
INSERT INTO `attachment` VALUES ('48', '2019-11-22 15:42:58', 'qiniu', 'tiexuejunshi.png', '0', 'http://img.168dh.cn/website/1574408578025tiexuejunshi.png', '18KB', 'http://img.168dh.cn/website/1574408578025tiexuejunshi.png', '.png', '', '64x64');
INSERT INTO `attachment` VALUES ('49', '2019-11-22 15:42:59', 'qiniu', 'tengxunjunshi.svg', '0', 'http://img.168dh.cn/website/1574408578551tengxunjunshi.svg', '12KB', 'http://img.168dh.cn/website/1574408578551tengxunjunshi.svg', '.svg', '', '200x200');
INSERT INTO `attachment` VALUES ('50', '2019-11-22 15:43:00', 'qiniu', 'renminjunshi.svg', '0', 'http://img.168dh.cn/website/1574408579071renminjunshi.svg', '1KB', 'http://img.168dh.cn/website/1574408579071renminjunshi.svg', '.svg', '', '200x200');
INSERT INTO `attachment` VALUES ('51', '2019-11-22 15:43:00', 'qiniu', 'mier.png', '0', 'http://img.168dh.cn/website/1574408579606mier.png', '18KB', 'http://img.168dh.cn/website/1574408579606mier.png', '.png', '', '64x64');
INSERT INTO `attachment` VALUES ('52', '2019-11-22 15:43:00', 'qiniu', 'xinlanjunshi.svg', '0', 'http://img.168dh.cn/website/1574408580076xinlanjunshi.svg', '5KB', 'http://img.168dh.cn/website/1574408580076xinlanjunshi.svg', '.svg', '', '512x512');
INSERT INTO `attachment` VALUES ('53', '2019-11-22 15:43:01', 'qiniu', 'huanqiujunshi.png', '0', 'http://img.168dh.cn/website/1574408580494huanqiujunshi.png', '18KB', 'http://img.168dh.cn/website/1574408580494huanqiujunshi.png', '.png', '', '64x64');
INSERT INTO `attachment` VALUES ('54', '2019-11-22 15:43:01', 'qiniu', 'fenghuanjunshi.svg', '0', 'http://img.168dh.cn/website/1574408580903fenghuanjunshi.svg', '2KB', 'http://img.168dh.cn/website/1574408580903fenghuanjunshi.svg', '.svg', '', '200x200');
INSERT INTO `attachment` VALUES ('55', '2019-11-22 15:48:41', 'qiniu', 'eastmoney.svg', '0', 'http://img.168dh.cn/website/1574408919877eastmoney.svg', '1KB', 'http://img.168dh.cn/website/1574408919877eastmoney.svg', '.svg', '', '200x200');
INSERT INTO `attachment` VALUES ('56', '2019-11-22 15:48:41', 'qiniu', 'finance.png', '0', 'http://img.168dh.cn/website/1574408920765finance.png', '17KB', 'http://img.168dh.cn/website/1574408920765finance.png', '.png', '', '64x64');
INSERT INTO `attachment` VALUES ('57', '2019-11-22 15:48:42', 'qiniu', 'hexun.png', '0', 'http://img.168dh.cn/website/1574408921224hexun.png', '18KB', 'http://img.168dh.cn/website/1574408921224hexun.png', '.png', '', '64x64');
INSERT INTO `attachment` VALUES ('58', '2019-11-22 15:48:42', 'qiniu', 'yicai.png', '0', 'http://img.168dh.cn/website/1574408921764yicai.png', '17KB', 'http://img.168dh.cn/website/1574408921764yicai.png', '.png', '', '64x64');
INSERT INTO `attachment` VALUES ('59', '2019-11-22 15:48:43', 'qiniu', 'caixin.png', '0', 'http://img.168dh.cn/website/1574408922276caixin.png', '17KB', 'http://img.168dh.cn/website/1574408922276caixin.png', '.png', '', '64x64');
INSERT INTO `attachment` VALUES ('60', '2019-11-22 15:48:43', 'qiniu', 'ce.png', '0', 'http://img.168dh.cn/website/1574408922740ce.png', '21KB', 'http://img.168dh.cn/website/1574408922740ce.png', '.png', '', '64x64');
INSERT INTO `attachment` VALUES ('61', '2019-11-22 15:48:44', 'qiniu', 'money163.png', '0', 'http://img.168dh.cn/website/1574408923287money163.png', '16KB', 'http://img.168dh.cn/website/1574408923287money163.png', '.png', '', '64x64');
INSERT INTO `attachment` VALUES ('62', '2019-11-22 15:48:45', 'qiniu', 'stockstar.png', '0', 'http://img.168dh.cn/website/1574408924015stockstar.png', '17KB', 'http://img.168dh.cn/website/1574408924015stockstar.png', '.png', '', '64x64');
INSERT INTO `attachment` VALUES ('63', '2019-11-22 15:48:46', 'qiniu', 'xueqiu.svg', '0', 'http://img.168dh.cn/website/1574408924868xueqiu.svg', '2KB', 'http://img.168dh.cn/website/1574408924868xueqiu.svg', '.svg', '', '200x200');
INSERT INTO `attachment` VALUES ('64', '2019-11-22 15:49:28', 'qiniu', 'nba.png', '0', 'http://img.168dh.cn/website/1574408967151nba.png', '17KB', 'http://img.168dh.cn/website/1574408967151nba.png', '.png', '', '64x64');
INSERT INTO `attachment` VALUES ('65', '2019-11-22 15:49:28', 'qiniu', 'cctv.png', '0', 'http://img.168dh.cn/website/1574408967930cctv.png', '18KB', 'http://img.168dh.cn/website/1574408967930cctv.png', '.png', '', '64x64');
INSERT INTO `attachment` VALUES ('66', '2019-11-22 15:49:29', 'qiniu', '163tiyu.png', '0', 'http://img.168dh.cn/website/1574408968402163tiyu.png', '18KB', 'http://img.168dh.cn/website/1574408968402163tiyu.png', '.png', '', '64x64');
INSERT INTO `attachment` VALUES ('67', '2019-11-22 15:49:29', 'qiniu', 'zhiboba.png', '0', 'http://img.168dh.cn/website/1574408968876zhiboba.png', '18KB', 'http://img.168dh.cn/website/1574408968876zhiboba.png', '.png', '', '64x64');
INSERT INTO `attachment` VALUES ('68', '2019-11-22 15:49:30', 'qiniu', 'dongqiudi.png', '0', 'http://img.168dh.cn/website/1574408969280dongqiudi.png', '5KB', 'http://img.168dh.cn/website/1574408969280dongqiudi.png', '.png', '', '208x206');
INSERT INTO `attachment` VALUES ('69', '2019-11-22 15:49:30', 'qiniu', 'huputiyu.svg', '0', 'http://img.168dh.cn/website/1574408969667huputiyu.svg', '3KB', 'http://img.168dh.cn/website/1574408969667huputiyu.svg', '.svg', '', '200x200');
INSERT INTO `attachment` VALUES ('70', '2019-11-22 15:49:30', 'qiniu', 'xinlangtiyu.png', '0', 'http://img.168dh.cn/website/1574408970074xinlangtiyu.png', '17KB', 'http://img.168dh.cn/website/1574408970074xinlangtiyu.png', '.png', '', '64x64');
INSERT INTO `attachment` VALUES ('71', '2019-11-22 15:49:31', 'qiniu', 'tengxuntiyu.svg', '0', 'http://img.168dh.cn/website/1574408970533tengxuntiyu.svg', '3KB', 'http://img.168dh.cn/website/1574408970533tengxuntiyu.svg', '.svg', '', '512x512');
INSERT INTO `attachment` VALUES ('72', '2019-11-22 15:49:31', 'qiniu', 'souhutiyu.png', '0', 'http://img.168dh.cn/website/1574408971008souhutiyu.png', '21KB', 'http://img.168dh.cn/website/1574408971008souhutiyu.png', '.png', '', '64x64');
INSERT INTO `attachment` VALUES ('73', '2019-11-22 15:50:17', 'qiniu', 'autohome.png', '0', 'http://img.168dh.cn/website/1574409016795autohome.png', '3KB', 'http://img.168dh.cn/website/1574409016795autohome.png', '.png', '', '0x0');
INSERT INTO `attachment` VALUES ('74', '2019-11-22 15:50:18', 'qiniu', 'taipingyangqiche.png', '0', 'http://img.168dh.cn/website/1574409017660taipingyangqiche.png', '19KB', 'http://img.168dh.cn/website/1574409017660taipingyangqiche.png', '.png', '', '64x64');
INSERT INTO `attachment` VALUES ('75', '2019-11-22 15:50:19', 'qiniu', 'yiche.png', '0', 'http://img.168dh.cn/website/1574409018166yiche.png', '20KB', 'http://img.168dh.cn/website/1574409018166yiche.png', '.png', '', '64x64');
INSERT INTO `attachment` VALUES ('76', '2019-11-22 15:50:19', 'qiniu', 'renrenche.png', '0', 'http://img.168dh.cn/website/1574409018641renrenche.png', '19KB', 'http://img.168dh.cn/website/1574409018641renrenche.png', '.png', '', '64x64');
INSERT INTO `attachment` VALUES ('77', '2019-11-22 15:50:19', 'qiniu', 'youxin.svg', '0', 'http://img.168dh.cn/website/1574409019059youxin.svg', '4KB', 'http://img.168dh.cn/website/1574409019059youxin.svg', '.svg', '', '200x200');
INSERT INTO `attachment` VALUES ('78', '2019-11-22 15:50:20', 'qiniu', 'guazi.png', '0', 'http://img.168dh.cn/website/1574409019472guazi.png', '20KB', 'http://img.168dh.cn/website/1574409019472guazi.png', '.png', '', '64x64');
INSERT INTO `attachment` VALUES ('79', '2019-11-22 15:50:20', 'qiniu', 'aikaqiche.png', '0', 'http://img.168dh.cn/website/1574409019935aikaqiche.png', '18KB', 'http://img.168dh.cn/website/1574409019935aikaqiche.png', '.png', '', '64x64');
INSERT INTO `attachment` VALUES ('80', '2019-11-22 15:50:21', 'qiniu', '122nkg.svg', '0', 'http://img.168dh.cn/website/1574409020421122nkg.svg', '1KB', 'http://img.168dh.cn/website/1574409020421122nkg.svg', '.svg', '', '200x200');
INSERT INTO `attachment` VALUES ('81', '2019-11-22 15:50:21', 'qiniu', 'jd.svg', '0', 'http://img.168dh.cn/website/1574409020806jd.svg', '930B', 'http://img.168dh.cn/website/1574409020806jd.svg', '.svg', '', '200x200');
INSERT INTO `attachment` VALUES ('82', '2019-11-22 15:51:18', 'qiniu', 'zol.svg', '0', 'http://img.168dh.cn/website/1574409077929zol.svg', '1KB', 'http://img.168dh.cn/website/1574409077929zol.svg', '.svg', '', '200x200');
INSERT INTO `attachment` VALUES ('83', '2019-11-22 15:51:19', 'qiniu', 'pconline.png', '0', 'http://img.168dh.cn/website/1574409078792pconline.png', '22KB', 'http://img.168dh.cn/website/1574409078792pconline.png', '.png', '', '64x64');
INSERT INTO `attachment` VALUES ('84', '2019-11-22 15:51:20', 'qiniu', 'engadget.png', '0', 'http://img.168dh.cn/website/1574409079344engadget.png', '16KB', 'http://img.168dh.cn/website/1574409079344engadget.png', '.png', '', '64x64');
INSERT INTO `attachment` VALUES ('85', '2019-11-22 15:51:21', 'qiniu', 'ithome.png', '0', 'http://img.168dh.cn/website/1574409079768ithome.png', '17KB', 'http://img.168dh.cn/website/1574409079768ithome.png', '.png', '', '64x64');
INSERT INTO `attachment` VALUES ('86', '2019-11-22 15:51:21', 'qiniu', 'zealer.png', '0', 'http://img.168dh.cn/website/1574409080984zealer.png', '18KB', 'http://img.168dh.cn/website/1574409080984zealer.png', '.png', '', '64x64');
INSERT INTO `attachment` VALUES ('87', '2019-11-22 15:51:22', 'qiniu', 'dgtle.png', '0', 'http://img.168dh.cn/website/1574409081532dgtle.png', '23KB', 'http://img.168dh.cn/website/1574409081532dgtle.png', '.png', '', '64x64');
INSERT INTO `attachment` VALUES ('88', '2019-11-22 15:51:23', 'qiniu', 'chiphell.png', '0', 'http://img.168dh.cn/website/1574409082070chiphell.png', '14KB', 'http://img.168dh.cn/website/1574409082070chiphell.png', '.png', '', '0x0');
INSERT INTO `attachment` VALUES ('89', '2019-11-22 15:51:23', 'qiniu', 'suning.svg', '0', 'http://img.168dh.cn/website/1574409083014suning.svg', '1KB', 'http://img.168dh.cn/website/1574409083014suning.svg', '.svg', '', '200x200');
INSERT INTO `attachment` VALUES ('90', '2019-11-22 15:51:24', 'qiniu', 'jd.svg', '0', 'http://img.168dh.cn/website/1574409083499jd.svg', '930B', 'http://img.168dh.cn/website/1574409083499jd.svg', '.svg', '', '200x200');
INSERT INTO `attachment` VALUES ('91', '2019-11-22 15:54:54', 'qiniu', 'github.svg', '0', 'http://img.168dh.cn/website/1574409292845github.svg', '2KB', 'http://img.168dh.cn/website/1574409292845github.svg', '.svg', '', '200x200');
INSERT INTO `attachment` VALUES ('92', '2019-11-22 15:54:54', 'qiniu', 'oschina.svg', '0', 'http://img.168dh.cn/website/1574409293803oschina.svg', '964B', 'http://img.168dh.cn/website/1574409293803oschina.svg', '.svg', '', '200x200');
INSERT INTO `attachment` VALUES ('93', '2019-11-22 15:54:55', 'qiniu', 'segmentfault.png', '0', 'http://img.168dh.cn/website/1574409294273segmentfault.png', '19KB', 'http://img.168dh.cn/website/1574409294273segmentfault.png', '.png', '', '64x64');
INSERT INTO `attachment` VALUES ('94', '2019-11-22 15:54:55', 'qiniu', 'v2ex.png', '0', 'http://img.168dh.cn/website/1574409294618v2ex.png', '2KB', 'http://img.168dh.cn/website/1574409294618v2ex.png', '.png', '', '64x64');
INSERT INTO `attachment` VALUES ('95', '2019-11-22 15:54:55', 'qiniu', 'csdn.svg', '0', 'http://img.168dh.cn/website/1574409295061csdn.svg', '862B', 'http://img.168dh.cn/website/1574409295061csdn.svg', '.svg', '', '64x64');
INSERT INTO `attachment` VALUES ('96', '2019-11-22 15:54:56', 'qiniu', 'cnblogs.png', '0', 'http://img.168dh.cn/website/1574409295395cnblogs.png', '3KB', 'http://img.168dh.cn/website/1574409295395cnblogs.png', '.png', '', '48x47');
INSERT INTO `attachment` VALUES ('97', '2019-11-22 15:54:56', 'qiniu', 'aliyun.svg', '0', 'http://img.168dh.cn/website/1574409295753aliyun.svg', '1KB', 'http://img.168dh.cn/website/1574409295753aliyun.svg', '.svg', '', '308x200');
INSERT INTO `attachment` VALUES ('98', '2019-11-22 15:55:00', 'qiniu', 'toutiaoio.png', '0', 'http://img.168dh.cn/website/1574409296492toutiaoio.png', '1KB', 'http://img.168dh.cn/website/1574409296492toutiaoio.png', '.png', '', '72x72');
INSERT INTO `attachment` VALUES ('99', '2019-11-22 15:55:00', 'qiniu', 'juejin.svg', '0', 'http://img.168dh.cn/website/1574409299898juejin.svg', '1KB', 'http://img.168dh.cn/website/1574409299898juejin.svg', '.svg', '', '38x38');
INSERT INTO `attachment` VALUES ('100', '2019-11-22 15:55:39', 'qiniu', 'zhilian.svg', '0', 'http://img.168dh.cn/website/1574409338607zhilian.svg', '2KB', 'http://img.168dh.cn/website/1574409338607zhilian.svg', '.svg', '', '200x200');
INSERT INTO `attachment` VALUES ('101', '2019-11-22 15:55:40', 'qiniu', 'lagou.svg', '0', 'http://img.168dh.cn/website/1574409339669lagou.svg', '539B', 'http://img.168dh.cn/website/1574409339669lagou.svg', '.svg', '', '200x200');
INSERT INTO `attachment` VALUES ('102', '2019-11-22 15:55:40', 'qiniu', 'zhipin.svg', '0', 'http://img.168dh.cn/website/1574409340065zhipin.svg', '1KB', 'http://img.168dh.cn/website/1574409340065zhipin.svg', '.svg', '', '200x200');
INSERT INTO `attachment` VALUES ('103', '2019-11-22 15:55:41', 'qiniu', '51job.svg', '0', 'http://img.168dh.cn/website/157440934046051job.svg', '3KB', 'http://img.168dh.cn/website/157440934046051job.svg', '.svg', '', '200x200');
INSERT INTO `attachment` VALUES ('104', '2019-11-22 15:55:41', 'qiniu', 'liepin.svg', '0', 'http://img.168dh.cn/website/1574409340958liepin.svg', '898B', 'http://img.168dh.cn/website/1574409340958liepin.svg', '.svg', '', '200x200');
INSERT INTO `attachment` VALUES ('105', '2019-11-22 15:55:42', 'qiniu', '100offer.png', '0', 'http://img.168dh.cn/website/1574409341454100offer.png', '19KB', 'http://img.168dh.cn/website/1574409341454100offer.png', '.png', '', '64x64');
INSERT INTO `attachment` VALUES ('106', '2019-11-22 15:55:43', 'qiniu', 'neitui.png', '0', 'http://img.168dh.cn/website/1574409342377neitui.png', '20KB', 'http://img.168dh.cn/website/1574409342377neitui.png', '.png', '', '64x64');
INSERT INTO `attachment` VALUES ('107', '2019-11-22 15:55:43', 'qiniu', 'chinahr.svg', '0', 'http://img.168dh.cn/website/1574409342847chinahr.svg', '1KB', 'http://img.168dh.cn/website/1574409342847chinahr.svg', '.svg', '', '200x200');
INSERT INTO `attachment` VALUES ('108', '2019-11-22 15:55:44', 'qiniu', '500d.png', '0', 'http://img.168dh.cn/website/1574409343238500d.png', '17KB', 'http://img.168dh.cn/website/1574409343238500d.png', '.png', '', '64x64');
INSERT INTO `attachment` VALUES ('109', '2019-11-22 15:59:51', 'qiniu', 'weibo.svg', '0', 'http://img.168dh.cn/website/1574409589994weibo.svg', '4KB', 'http://img.168dh.cn/website/1574409589994weibo.svg', '.svg', '', '200x200');
INSERT INTO `attachment` VALUES ('110', '2019-11-22 15:59:51', 'qiniu', 'zhihu.svg', '0', 'http://img.168dh.cn/website/1574409590807zhihu.svg', '3KB', 'http://img.168dh.cn/website/1574409590807zhihu.svg', '.svg', '', '256x256');
INSERT INTO `attachment` VALUES ('111', '2019-11-22 15:59:51', 'qiniu', 'douban.svg', '0', 'http://img.168dh.cn/website/1574409591168douban.svg', '1KB', 'http://img.168dh.cn/website/1574409591168douban.svg', '.svg', '', '200x200');
INSERT INTO `attachment` VALUES ('112', '2019-11-22 15:59:52', 'qiniu', 'tieba.svg', '0', 'http://img.168dh.cn/website/1574409591548tieba.svg', '2KB', 'http://img.168dh.cn/website/1574409591548tieba.svg', '.svg', '', '200x200');
INSERT INTO `attachment` VALUES ('113', '2019-11-22 15:59:53', 'qiniu', 'lofter.png', '0', 'http://img.168dh.cn/website/1574409592152lofter.png', '19KB', 'http://img.168dh.cn/website/1574409592152lofter.png', '.png', '', '64x64');
INSERT INTO `attachment` VALUES ('114', '2019-11-22 15:59:54', 'qiniu', 'shuimu.png', '0', 'http://img.168dh.cn/website/1574409592942shuimu.png', '1KB', 'http://img.168dh.cn/website/1574409592942shuimu.png', '.png', '', '68x68');
INSERT INTO `attachment` VALUES ('115', '2019-11-22 15:59:55', 'qiniu', 'xici.png', '0', 'http://img.168dh.cn/website/1574409593934xici.png', '31KB', 'http://img.168dh.cn/website/1574409593934xici.png', '.png', '', '160x159');
INSERT INTO `attachment` VALUES ('116', '2019-11-22 15:59:55', 'qiniu', 'tianya.svg', '0', 'http://img.168dh.cn/website/1574409594954tianya.svg', '2KB', 'http://img.168dh.cn/website/1574409594954tianya.svg', '.svg', '', '64x64');
INSERT INTO `attachment` VALUES ('117', '2019-11-22 15:59:56', 'qiniu', 'mop.png', '0', 'http://img.168dh.cn/website/1574409595445mop.png', '28KB', 'http://img.168dh.cn/website/1574409595445mop.png', '.png', '', '173x145');
INSERT INTO `attachment` VALUES ('118', '2019-12-11 13:59:01', 'qiniu', 'huya.svg', '0', 'http://img.168dh.cn/website/1576043939448huya.svg', '9KB', 'http://img.168dh.cn/website/1576043939448huya.svg', '.svg', 'image/svg+xml', '200x200');
INSERT INTO `attachment` VALUES ('119', '2019-12-11 14:00:34', 'qiniu', 'douyu.svg', '0', 'http://img.168dh.cn/website/1576044033399douyu.svg', '9KB', 'http://img.168dh.cn/website/1576044033399douyu.svg', '.svg', 'image/svg+xml', '200x200');
INSERT INTO `attachment` VALUES ('120', '2019-12-11 14:03:06', 'qiniu', 'fanyi.png', '0', 'http://img.168dh.cn/website/1576044185796fanyi.png', '4KB', 'http://img.168dh.cn/website/1576044185796fanyi.png', '.png', 'image/png', '0x0');
INSERT INTO `attachment` VALUES ('121', '2019-12-11 14:22:32', 'qiniu', '58.png', '0', 'http://img.168dh.cn/website/157604535119558.png', '2KB', 'http://img.168dh.cn/website/157604535119558.png', '.png', 'image/png', '20x20');
INSERT INTO `attachment` VALUES ('122', '2019-12-11 14:29:15', 'qiniu', 'qqemail.png', '0', 'http://img.168dh.cn/website/1576045754356qqemail.png', '17KB', 'http://img.168dh.cn/website/1576045754356qqemail.png', '.png', 'image/png', '256x256');

-- ----------------------------
-- Table structure for auth_user
-- ----------------------------
DROP TABLE IF EXISTS `auth_user`;
CREATE TABLE `auth_user` (
  `uuid` varchar(255) NOT NULL,
  `avatar` varchar(255) DEFAULT NULL,
  `blog` varchar(255) DEFAULT NULL,
  `company` varchar(255) DEFAULT NULL,
  `email` varchar(255) DEFAULT NULL,
  `gender` int(11) DEFAULT NULL,
  `location` varchar(255) DEFAULT NULL,
  `nickname` varchar(255) DEFAULT NULL,
  `remark` varchar(255) DEFAULT NULL,
  `source` varchar(255) DEFAULT NULL,
  `username` varchar(255) DEFAULT NULL,
  PRIMARY KEY (`uuid`)
) ENGINE=MyISAM DEFAULT CHARSET=utf8;

-- ----------------------------
-- Records of auth_user
-- ----------------------------
INSERT INTO `auth_user` VALUES ('58302A0634AB6EAA50826B990ECCE64C', 'http://thirdqq.qlogo.cn/g?b=oidb&k=xQMdiaCNq4FK3KqOLR9RBcw&s=100&t=1571066314', null, null, null, '0', '湖南-长沙', '会飞的虾', null, 'QQ', '会飞的虾');

-- ----------------------------
-- Table structure for category
-- ----------------------------
DROP TABLE IF EXISTS `category`;
CREATE TABLE `category` (
  `category_id` int(11) NOT NULL AUTO_INCREMENT,
  `description` varchar(255) DEFAULT NULL,
  `icon` varchar(255) DEFAULT NULL,
  `name` varchar(255) DEFAULT NULL,
  `ordered` int(11) DEFAULT NULL,
  `parent_id` int(11) DEFAULT NULL,
  `slug_name` varchar(255) DEFAULT NULL,
  PRIMARY KEY (`category_id`)
) ENGINE=MyISAM AUTO_INCREMENT=36 DEFAULT CHARSET=utf8;

-- ----------------------------
-- Records of category
-- ----------------------------
INSERT INTO `category` VALUES ('17', '', 'el-icon-goods\r\n', '开发', '10', '0', 'kaifa');
INSERT INTO `category` VALUES ('6', '', 'el-icon-goods\r\n', '购物', '1', '0', 'gouwu');
INSERT INTO `category` VALUES ('7', '', 'el-icon-video-play\r\n', '视频', '2', '0', 'shiping');
INSERT INTO `category` VALUES ('9', '', 'el-icon-headset\r\n', '音乐', '3', '0', 'yinyue');
INSERT INTO `category` VALUES ('10', '', 'el-icon-data-analysis\r\n', '资讯', '4', '0', 'zixun');
INSERT INTO `category` VALUES ('11', '', 'el-icon-news\r\n', '新闻', '5', '0', 'xinwen');
INSERT INTO `category` VALUES ('12', '', 'el-icon-umbrella\r\n', '军事', '6', '0', 'junshi');
INSERT INTO `category` VALUES ('13', '', 'el-icon-data-line\r\n', '财经', '7', '0', 'caijing');
INSERT INTO `category` VALUES ('14', '', 'el-icon-basketball\r\n', '体育', '8', '0', 'tiyu');
INSERT INTO `category` VALUES ('15', '', 'el-icon-truck\r\n', '汽车', '9', '0', 'qiche');
INSERT INTO `category` VALUES ('16', '', 'el-icon-mobile-phone\r\n', '数码', '11', '0', 'shuma');
INSERT INTO `category` VALUES ('18', '', 'el-icon-chat-line-round\r\n', '社区', '12', '0', 'shequ');
INSERT INTO `category` VALUES ('19', '', 'el-icon-suitcase\r\n', '招聘', '14', '0', 'zhaopin');
INSERT INTO `category` VALUES ('28', '', 'el-icon-camera\r\n', '摄影', '15', '0', 'sheying');
INSERT INTO `category` VALUES ('29', '', 'el-icon-picture-outline\r\n', '图片', '16', '0', 'tu');
INSERT INTO `category` VALUES ('30', '', 'el-icon-brush\r\n', '插画', '17', '0', 'chahua');
INSERT INTO `category` VALUES ('31', '', 'el-icon-attract\r\n', '灵感', '18', '0', 'linggan');
INSERT INTO `category` VALUES ('32', '', 'el-icon-cherry\r\n', '素材', '19', '0', 'sucai');
INSERT INTO `category` VALUES ('33', '', 'el-icon-star-off\r\n', '图标', '20', '0', 'icon');
INSERT INTO `category` VALUES ('34', '', 'el-icon-menu\r\n', '配色', '21', '0', 'peise');
INSERT INTO `category` VALUES ('35', '', 'el-icon-bicycle\r\n', '出行', '13', '0', 'chuxing');

-- ----------------------------
-- Table structure for hibernate_sequence
-- ----------------------------
DROP TABLE IF EXISTS `hibernate_sequence`;
CREATE TABLE `hibernate_sequence` (
  `next_val` bigint(20) DEFAULT NULL
) ENGINE=MyISAM DEFAULT CHARSET=utf8;

-- ----------------------------
-- Records of hibernate_sequence
-- ----------------------------
INSERT INTO `hibernate_sequence` VALUES ('123');

-- ----------------------------
-- Table structure for options
-- ----------------------------
DROP TABLE IF EXISTS `options`;
CREATE TABLE `options` (
  `option_name` varchar(127) NOT NULL,
  `option_value` longtext,
  PRIMARY KEY (`option_name`)
) ENGINE=MyISAM DEFAULT CHARSET=utf8;

-- ----------------------------
-- Records of options
-- ----------------------------

-- ----------------------------
-- Table structure for tags
-- ----------------------------
DROP TABLE IF EXISTS `tags`;
CREATE TABLE `tags` (
  `id` int(11) NOT NULL AUTO_INCREMENT,
  `name` varchar(255) NOT NULL,
  `slug_name` varchar(255) NOT NULL,
  PRIMARY KEY (`id`)
) ENGINE=MyISAM DEFAULT CHARSET=utf8;

-- ----------------------------
-- Records of tags
-- ----------------------------

-- ----------------------------
-- Table structure for user
-- ----------------------------
DROP TABLE IF EXISTS `user`;
CREATE TABLE `user` (
  `user_id` int(11) NOT NULL AUTO_INCREMENT,
  `create_time` datetime DEFAULT NULL,
  `email` varchar(255) DEFAULT NULL,
  `last_login_time` datetime DEFAULT NULL,
  `nickname` varchar(255) DEFAULT NULL,
  `password` varchar(255) DEFAULT NULL,
  `salt` varchar(255) DEFAULT NULL,
  `status` int(11) DEFAULT NULL,
  `update_time` datetime DEFAULT NULL,
  `user_avatar` varchar(255) DEFAULT NULL,
  `username` varchar(255) DEFAULT NULL,
  `qq` varchar(50) DEFAULT NULL,
  `ip` varchar(255) DEFAULT NULL,
  `is_admin` int(11) DEFAULT NULL,
  PRIMARY KEY (`user_id`)
) ENGINE=MyISAM AUTO_INCREMENT=30 DEFAULT CHARSET=utf8;

-- ----------------------------
-- Records of user
-- ----------------------------
INSERT INTO `user` VALUES ('1', '2019-10-12 14:40:25', '38707145@qq.com', '2019-12-11 15:33:58', 'iksen', 'f992ae49dd4622ca6874d4ad4914de76', null, '1', null, 'http://q1.qlogo.cn/g?b=qq&nk=38707145&s=100', 'iksen', '38707145', null, '1');
INSERT INTO `user` VALUES ('2', '2019-10-24 13:47:27', '929789911@qq.com', '2019-10-24 13:47:35', 'test', 'f992ae49dd4622ca6874d4ad4914de76', null, '1', null, 'http://q1.qlogo.cn/g?b=qq&nk=929789911&s=100', 'test', '929789911', '192.168.152.1', '0');

-- ----------------------------
-- Table structure for website
-- ----------------------------
DROP TABLE IF EXISTS `website`;
CREATE TABLE `website` (
  `website_id` int(11) NOT NULL AUTO_INCREMENT,
  `create_time` datetime DEFAULT NULL,
  `icon` varchar(255) DEFAULT NULL,
  `ordered` int(11) DEFAULT NULL,
  `summary` varchar(255) DEFAULT NULL,
  `title` varchar(255) DEFAULT NULL,
  `type` varchar(255) DEFAULT NULL,
  `url` varchar(255) DEFAULT NULL,
  `visits` int(11) DEFAULT NULL,
  PRIMARY KEY (`website_id`)
) ENGINE=MyISAM AUTO_INCREMENT=334 DEFAULT CHARSET=utf8;

-- ----------------------------
-- Records of website
-- ----------------------------
INSERT INTO `website` VALUES ('1', '2019-11-22 11:26:39', 'http://q1clvr752.bkt.clouddn.com/website/1574394895548jd.svg', '0', '专业的综合网上购物商城', '京东商城', 'public', 'https://www.jd.com/', '0');
INSERT INTO `website` VALUES ('2', '2019-11-22 12:43:00', 'http://img.168dh.cn/website/1574397741691suning.svg', '0', '苏宁电器网上购物商城', '苏宁电器', 'public', 'https://dianqi.suning.com/', '0');
INSERT INTO `website` VALUES ('3', '2019-11-22 12:44:39', 'http://img.168dh.cn/website/1574397866063guomei.png', '0', '正品低价、品质保障、快速送达、安心服务！', '国美', 'public', 'https://www.gome.com.cn/?cmpid=cps_21058_25286_&sid=21058&wid=25286', '0');
INSERT INTO `website` VALUES ('4', '2019-11-22 12:48:41', 'http://img.168dh.cn/website/1574398107759dangdang.svg', '0', '网上购物中心', '当当', 'public', 'http://union.dangdang.com/transfer.php?from=P-339931&ad_type=10&sys_id=1&backurl=http%3A%2F%2Fwww.dangdang.com', '0');
INSERT INTO `website` VALUES ('5', '2019-11-22 12:50:36', 'http://img.168dh.cn/website/1574398211213taobao.svg', '0', '淘!我喜欢', '淘宝网', 'public', 'https://www.taobao.com/', '1');
INSERT INTO `website` VALUES ('6', '2019-11-22 04:52:00', 'http://img.168dh.cn/website/1574398320508tmall.svg', '0', '理想生活上天猫', '天猫', 'public', 'https://www.tmall.com/', '0');
INSERT INTO `website` VALUES ('7', '2019-11-22 12:54:20', 'http://img.168dh.cn/website/1574398443756amazon.svg', '0', '要网购, 就来Z.cn!', '亚马逊', 'public', 'https://www.amazon.cn/', '0');
INSERT INTO `website` VALUES ('8', '2019-11-22 12:56:15', 'http://img.168dh.cn/website/1574398541667juhuasuan.svg', '0', '5亿品质用户精明之选', '聚划算', 'public', 'https://s.click.taobao.com/WSTnfuv', '0');
INSERT INTO `website` VALUES ('9', '2019-11-22 12:58:50', 'http://img.168dh.cn/website/1574398723004aitaobao.svg', '0', '淘宝网购物分享平台', '爱淘宝', 'public', 'https://s.click.taobao.com/iepnfuv', '0');
INSERT INTO `website` VALUES ('10', '2019-11-22 05:00:00', 'http://img.168dh.cn/website/1574398792388kaola.svg', '0', '我的美好世界', '考拉海购', 'public', 'https://www.kaola.com/', '0');
INSERT INTO `website` VALUES ('11', '2019-11-22 13:01:20', 'http://img.168dh.cn/website/1574398872764yanxuan.svg', '0', '以严谨的态度，为中国消费者甄选天下优品', '网易严选 ', 'public', 'http://you.163.com/', '0');
INSERT INTO `website` VALUES ('12', '2019-11-22 13:02:21', 'http://img.168dh.cn/website/1574398927288aliyun.svg', '0', '上云就上阿里云', '阿里云', 'public', 'https://s.click.taobao.com/7gUrfuv', '0');
INSERT INTO `website` VALUES ('13', '2019-11-22 13:17:01', 'http://img.168dh.cn/website/1574399812291bilibili.svg', '0', '国内知名的视频弹幕网站。', '哔哩哔哩', 'public', 'https://www.bilibili.com/', '0');
INSERT INTO `website` VALUES ('14', '2019-11-22 13:17:51', 'http://img.168dh.cn/website/1574399865411iqiyi.svg', '0', '在线视频网站-海量正版高清视频在线观看', '爱奇艺', 'public', 'https://www.iqiyi.com/', '0');
INSERT INTO `website` VALUES ('15', '2019-11-22 13:18:56', 'http://img.168dh.cn/website/1574399928451tengxunshipin.svg', '0', '中国领先的在线视频媒体平台,海量高清视频在线观看', '腾讯视频', 'public', 'https://v.qq.com/', '0');
INSERT INTO `website` VALUES ('16', '2019-11-22 13:20:14', 'http://img.168dh.cn/website/1574400003893youku.svg', '0', '这世界很酷', '优酷', 'public', 'https://www.youku.com/', '0');
INSERT INTO `website` VALUES ('17', '2019-11-22 13:21:15', 'http://img.168dh.cn/website/1574400069739mgtv.svg', '0', '湖南广播电视台旗下唯一互联网视频平台', '芒果TV', 'public', 'https://www.mgtv.com/', '0');
INSERT INTO `website` VALUES ('18', '2019-11-22 13:35:22', 'http://img.168dh.cn/website/1574400904165tudou.svg', '0', '阿里巴巴文化娱乐集团旗下短视频平台', '土豆网', 'public', 'https://www.tudou.com/', '0');
INSERT INTO `website` VALUES ('19', '2019-11-22 13:36:25', 'http://img.168dh.cn/website/1574400969331cctv.png', '0', '中央电视台官方视频网站', 'CCTV', 'public', 'http://tv.cctv.com/', '0');
INSERT INTO `website` VALUES ('20', '2019-11-22 13:42:38', 'http://img.168dh.cn/website/1574401352898music163.svg', '0', '网易旗下的高品质音乐播放器', '网易云音乐', 'public', 'http://music.163.com/', '0');
INSERT INTO `website` VALUES ('21', '2019-11-22 05:44:00', 'http://img.168dh.cn/website/1574401446562kugou.svg', '0', '中国使用人数较多的音乐播放器之一', '酷狗音乐', 'public', 'http://www.kugou.com/', '0');
INSERT INTO `website` VALUES ('22', '2019-11-22 13:45:18', 'http://img.168dh.cn/website/1574401513418musicqq.svg', '0', '腾讯旗下的一款免费音乐服务', 'QQ音乐', 'public', 'https://y.qq.com/', '0');
INSERT INTO `website` VALUES ('23', '2019-11-22 13:46:42', 'http://img.168dh.cn/website/1574401585186xiami.svg', '0', '提供高品质音乐MP3的个性化推荐', '虾米音乐', 'public', 'https://www.xiami.com/', '0');
INSERT INTO `website` VALUES ('24', '2019-11-22 13:47:37', 'http://img.168dh.cn/website/1574401652651kuwo.svg', '0', '无损音质正版在线试听网站', '酷我音乐', 'public', 'http://www.kuwo.cn/', '0');
INSERT INTO `website` VALUES ('25', '2019-11-22 13:48:45', 'http://img.168dh.cn/website/1574401719347doubanfm.png', '0', '豆瓣开发的个性化的音乐收听工具', '豆瓣FM', 'public', 'https://douban.fm/', '0');
INSERT INTO `website` VALUES ('26', '2019-11-22 13:58:39', 'http://img.168dh.cn/website/1574402313228xiecheng.svg', '0', '中国领先的在线旅行服务公司', '携程网', 'public', '//www.ctrip.com/?AllianceID=1113213&sid=2592216&ouid=&app=0101F00', '0');
INSERT INTO `website` VALUES ('27', '2019-11-22 06:00:00', 'http://img.168dh.cn/website/1574402445651feizhu.svg', '0', '阿里巴巴旗下的综合性旅游出行服务平台', '飞猪旅行', 'public', 'https://s.click.taobao.com/zyHofuv', '0');
INSERT INTO `website` VALUES ('28', '2019-11-22 14:02:31', 'http://img.168dh.cn/website/1574402541908tongcheng.png', '0', '专业的一站式旅游预订平台', '同程旅游', 'public', 'https://www.ly.com/flights/home?p=10060&refid=850510677', '0');
INSERT INTO `website` VALUES ('29', '2019-11-22 14:03:47', 'http://img.168dh.cn/website/1574402620867tuniu.png', '0', '让旅游更简单 要旅游 找途牛！', '途牛', 'public', 'http://www.tuniu.com/', '0');
INSERT INTO `website` VALUES ('30', '2019-11-22 14:05:07', 'http://img.168dh.cn/website/1574402690939qunaer.svg', '0', '提供机票,飞机票,特价机票,打折机票的查询预订', '去哪儿', 'public', 'https://www.qunar.com/', '0');
INSERT INTO `website` VALUES ('31', '2019-11-22 14:06:57', 'http://img.168dh.cn/website/1574402811626lvmama.png', '0', '中国新型的B2C旅游电子商务网站', '驴妈妈', 'public', 'http://www.lvmama.com/', '0');
INSERT INTO `website` VALUES ('32', '2019-11-22 14:22:07', 'http://img.168dh.cn/website/157440365453136kr.png', '0', '提供创业资讯、科技新闻、投融资对接、股权投资、极速融资等创业服务，致力成为创业者可以依赖的创业服务平台，为创业者提供最好的产品和服务。', '36氪', 'public', 'https://36kr.com/', '0');
INSERT INTO `website` VALUES ('33', '2019-11-22 14:23:40', 'http://img.168dh.cn/website/1574403810205huxiu.png', '0', '聚合优质的创新信息与人群，捕获精选|深度|犀利的商业科技资讯。在虎嗅，不错过互联网的每个重要时刻。', '虎嗅网', 'public', 'https://www.huxiu.com/', '0');
INSERT INTO `website` VALUES ('34', '2019-11-22 14:25:32', 'http://img.168dh.cn/website/1574403923350wanqu.png', '0', '关注创业与技术，每天推送5篇优质英文文章', '湾区日报', 'public', 'https://wanqu.co/', '0');
INSERT INTO `website` VALUES ('35', '2019-11-22 14:28:36', 'http://img.168dh.cn/website/1574404107115solidot.png', '0', '至顶网下的科技资讯网站，主要面对开源自由软件和关心科技资讯读者群，包括众多中国开源软件的开发者，爱好者和布道者。口号是“奇客的资讯，重要的东西”。', 'Solidot', 'public', 'https://www.solidot.org/', '0');
INSERT INTO `website` VALUES ('36', '2019-11-22 14:31:17', 'http://img.168dh.cn/website/1574404270503geekpark.png', '0', '聚焦互联网领域，跟踪最新的科技新闻动态，关注极具创新精神的科技产品。', '极客公园-推动商业新变量', 'public', 'http://www.geekpark.net/', '0');
INSERT INTO `website` VALUES ('37', '2019-11-22 14:36:33', 'http://img.168dh.cn/website/1574404579218ifeng.svg', '0', '中国领先的综合门户网站', '凤凰网', 'public', 'http://www.ifeng.com/', '0');
INSERT INTO `website` VALUES ('38', '2019-11-22 14:37:35', 'http://img.168dh.cn/website/1574404641111huanqiu.png', '0', '中国领先的国际资讯门户', '环球网', 'public', 'https://www.huanqiu.com/', '0');
INSERT INTO `website` VALUES ('39', '2019-11-22 06:38:00', 'http://img.168dh.cn/website/1574404708388thepaper.png', '0', '专注时政与思想', '澎湃新闻', 'public', 'http://www.thepaper.cn/', '0');
INSERT INTO `website` VALUES ('40', '2019-11-22 14:39:41', 'http://img.168dh.cn/website/1574404772897tengxunxinwen.svg', '0', '腾讯提供的免费新闻服务', '腾讯新闻', 'public', 'https://news.qq.com/', '0');
INSERT INTO `website` VALUES ('41', '2019-11-22 06:40:00', 'http://img.168dh.cn/website/1574404840081xinlangxinwen.svg', '0', '新浪旗下的新闻频道', '新浪新闻', 'public', 'https://news.sina.com.cn/', '0');
INSERT INTO `website` VALUES ('42', '2019-11-22 14:42:12', 'http://img.168dh.cn/website/1574404927164sohuxinwen.svg', '0', '上搜狐新闻、知天下大事', '搜狐新闻', 'public', 'https://news.sohu.com/', '0');
INSERT INTO `website` VALUES ('43', '2019-11-22 14:43:07', 'http://img.168dh.cn/website/1574404980203wangyixinwen.png', '0', '网易提供的新闻资讯平台，各有态度', '网易新闻', 'public', 'http://news.163.com/', '0');
INSERT INTO `website` VALUES ('44', '2019-11-22 14:49:08', 'http://img.168dh.cn/website/1574405028321guanchazhe.png', '0', '中国关怀 全球视野', '观察者', 'public', 'https://www.guancha.cn/', '0');
INSERT INTO `website` VALUES ('45', '2019-11-22 06:49:00', 'http://img.168dh.cn/website/1574405386475jiemian.png', '0', '只服务于独立思考的人群', '界面新闻', 'public', 'https://www.jiemian.com/', '0');
INSERT INTO `website` VALUES ('55', '2019-11-22 15:42:58', 'http://img.168dh.cn/website/1574408576405junshitoutiao.png', '0', '东方网旗下的专业军事新闻网站', '军事头条', 'public', 'http://mil.eastday.com/', '0');
INSERT INTO `website` VALUES ('56', '2019-11-22 15:42:58', 'http://img.168dh.cn/website/1574408577537zhonghuajunshi.png', '0', '中国最具权威的军事门户', '中华网军事', 'public', 'http://military.china.com/', '0');
INSERT INTO `website` VALUES ('57', '2019-11-22 15:42:58', 'http://img.168dh.cn/website/1574408578025tiexuejunshi.png', '0', '提供中国军事、世界军事、军事新闻', '铁血军事', 'public', 'http://www.tiexue.net/', '0');
INSERT INTO `website` VALUES ('58', '2019-11-22 15:42:58', 'http://img.168dh.cn/website/1574408578551tengxunjunshi.svg', '0', '腾讯网旗下军事频道', '腾讯军事', 'public', 'https://new.qq.com/', '0');
INSERT INTO `website` VALUES ('59', '2019-11-22 15:42:58', 'http://img.168dh.cn/website/1574408579071renminjunshi.svg', '0', '人民网旗下军事频道', '人民网军事', 'public', 'http://military.people.com.cn/', '0');
INSERT INTO `website` VALUES ('60', '2019-11-22 15:42:58', 'http://img.168dh.cn/website/1574408579606mier.png', '0', '中国最具特色的军事社区', '米尔网', 'public', 'http://www.miercn.com/', '0');
INSERT INTO `website` VALUES ('61', '2019-11-22 15:42:58', 'http://img.168dh.cn/website/1574408580076xinlanjunshi.svg', '0', '新浪网旗下的专业军事知识网站', '新浪军事', 'public', 'http://mil.news.sina.com.cn/', '0');
INSERT INTO `website` VALUES ('62', '2019-11-22 15:42:58', 'http://img.168dh.cn/website/1574408580494huanqiujunshi.png', '0', '中国最权威的军事新闻网站之一', '环球军事', 'public', 'http://mil.huanqiu.com/', '0');
INSERT INTO `website` VALUES ('63', '2019-11-22 15:42:58', 'http://img.168dh.cn/website/1574408580903fenghuanjunshi.svg', '0', '凤凰网旗下的军事频道', '凤凰军事', 'public', 'http://news.ifeng.com/mil', '0');
INSERT INTO `website` VALUES ('64', '2019-11-22 15:48:40', 'http://img.168dh.cn/website/1574408919877eastmoney.svg', '0', '中国财经门户', '东方财富', 'public', 'http://www.eastmoney.com/', '0');
INSERT INTO `website` VALUES ('65', '2019-11-22 15:48:41', 'http://img.168dh.cn/website/1574408920765finance.png', '0', '新浪网旗下财经频道', '新浪财经', 'public', 'https://finance.sina.com.cn/', '0');
INSERT INTO `website` VALUES ('66', '2019-11-22 15:48:41', 'http://img.168dh.cn/website/1574408921224hexun.png', '0', '中国财经网络领袖和中产阶级网络家园', '和讯财经', 'public', 'http://www.hexun.com/', '0');
INSERT INTO `website` VALUES ('67', '2019-11-22 15:48:42', 'http://img.168dh.cn/website/1574408921764yicai.png', '0', '专业创造价值', '第一财经', 'public', 'https://www.yicai.com/', '0');
INSERT INTO `website` VALUES ('68', '2019-11-22 15:48:42', 'http://img.168dh.cn/website/1574408922276caixin.png', '0', '原创财经新媒体', '财新网', 'public', 'http://www.caixin.com/', '0');
INSERT INTO `website` VALUES ('69', '2019-11-22 15:48:43', 'http://img.168dh.cn/website/1574408922740ce.png', '0', '国家经济门户', '中国经济网', 'public', 'http://www.ce.cn/', '0');
INSERT INTO `website` VALUES ('70', '2019-11-22 15:48:43', 'http://img.168dh.cn/website/1574408923287money163.png', '0', '网易163旗下财经频道', '网易财经', 'public', 'http://money.163.com/', '0');
INSERT INTO `website` VALUES ('71', '2019-11-22 15:48:44', 'http://img.168dh.cn/website/1574408924015stockstar.png', '0', '中国交易者专业门户', '证券之星', 'public', 'http://www.stockstar.com/', '0');
INSERT INTO `website` VALUES ('72', '2019-11-22 15:48:45', 'http://img.168dh.cn/website/1574408924868xueqiu.svg', '0', '聪明的投资者都在这里', '雪球财经', 'public', 'https://xueqiu.com/', '0');
INSERT INTO `website` VALUES ('73', '2019-11-22 15:49:27', 'http://img.168dh.cn/website/1574408967151nba.png', '0', 'NBA中国官方网站', 'NBA', 'public', 'http://china.nba.com/', '0');
INSERT INTO `website` VALUES ('74', '2019-11-22 15:49:28', 'http://img.168dh.cn/website/1574408967930cctv.png', '0', '央视体育频道高清直播平台', 'CCTV5', 'public', 'http://sports.cctv.com/', '0');
INSERT INTO `website` VALUES ('75', '2019-11-22 15:49:28', 'http://img.168dh.cn/website/1574408968402163tiyu.png', '0', '网易163旗下体育频道', '网易体育', 'public', 'http://sports.163.com/', '0');
INSERT INTO `website` VALUES ('76', '2019-11-22 15:49:29', 'http://img.168dh.cn/website/1574408968876zhiboba.png', '0', '知名体育平台', '直播吧', 'public', 'https://www.zhibo8.cc/', '0');
INSERT INTO `website` VALUES ('77', '2019-11-22 15:49:29', 'http://img.168dh.cn/website/1574408969280dongqiudi.png', '0', '专业权威的足球网站', '懂球帝', 'public', 'http://www.dongqiudi.com/', '0');
INSERT INTO `website` VALUES ('78', '2019-11-22 15:49:30', 'http://img.168dh.cn/website/1574408969667huputiyu.svg', '0', '专注于体育等资讯的平台', '虎扑体育', 'public', 'https://www.hupu.com/', '0');
INSERT INTO `website` VALUES ('79', '2019-11-22 15:49:30', 'http://img.168dh.cn/website/1574408970074xinlangtiyu.png', '0', '新浪网旗下的体育频道', '新浪体育', 'public', 'http://sports.sina.com.cn/', '0');
INSERT INTO `website` VALUES ('80', '2019-11-22 15:49:30', 'http://img.168dh.cn/website/1574408970533tengxuntiyu.svg', '0', '腾讯旗下的体育频道', '腾讯体育', 'public', 'http://sports.qq.com/', '0');
INSERT INTO `website` VALUES ('81', '2019-11-22 15:49:31', 'http://img.168dh.cn/website/1574408971008souhutiyu.png', '0', '搜狐旗下的体育频道', '搜狐体育', 'public', 'http://sports.sohu.com/', '0');
INSERT INTO `website` VALUES ('82', '2019-11-22 15:50:16', 'http://img.168dh.cn/website/1574409016795autohome.png', '0', '看车·买车·用车', '汽车之家', 'public', 'https://www.autohome.com.cn/', '0');
INSERT INTO `website` VALUES ('83', '2019-11-22 15:50:18', 'http://img.168dh.cn/website/1574409017660taipingyangqiche.png', '0', '一个专业的汽车网络媒体', '太平洋汽车', 'public', 'http://www.pcauto.com.cn/', '0');
INSERT INTO `website` VALUES ('84', '2019-11-22 15:50:18', 'http://img.168dh.cn/website/1574409018166yiche.png', '0', '中国国内最领先的汽车专业媒体集团', '易车网', 'public', 'http://www.yiche.com/', '0');
INSERT INTO `website` VALUES ('85', '2019-11-22 15:50:19', 'http://img.168dh.cn/website/1574409018641renrenche.png', '0', '二手车交易市场', '人人车', 'public', 'https://www.renrenche.com/', '0');
INSERT INTO `website` VALUES ('86', '2019-11-22 15:50:19', 'http://img.168dh.cn/website/1574409019059youxin.svg', '0', '专注于二手车交易服务', '优信二手车', 'public', 'https://www.xin.com/', '0');
INSERT INTO `website` VALUES ('87', '2019-11-22 15:50:19', 'http://img.168dh.cn/website/1574409019472guazi.png', '0', '没有中间商赚差价！', '瓜子二手车', 'public', 'https://www.guazi.com/', '0');
INSERT INTO `website` VALUES ('88', '2019-11-22 15:50:20', 'http://img.168dh.cn/website/1574409019935aikaqiche.png', '0', '中国领先的汽车主题社区', '爱卡汽车', 'public', 'http://www.xcar.com.cn/', '0');
INSERT INTO `website` VALUES ('89', '2019-11-22 15:50:20', 'http://img.168dh.cn/website/1574409020421122nkg.svg', '0', '交通安全服务管理平台', '车辆违章查询', 'public', 'http://nkg.122.gov.cn/', '0');
INSERT INTO `website` VALUES ('90', '2019-11-22 15:50:21', 'http://img.168dh.cn/website/1574409020806jd.svg', '0', '京东汽车用品频道', '汽车用品', 'public', 'https://che.jd.com/', '0');
INSERT INTO `website` VALUES ('91', '2019-11-22 15:51:18', 'http://img.168dh.cn/website/1574409077929zol.svg', '0', '大中华区专业IT网站', '中关村在线', 'public', 'http://www.zol.com.cn/', '0');
INSERT INTO `website` VALUES ('92', '2019-11-22 15:51:19', 'http://img.168dh.cn/website/1574409078792pconline.png', '0', '专业IT门户网站', '太平洋电脑', 'public', 'http://www.pconline.com.cn/', '0');
INSERT INTO `website` VALUES ('93', '2019-11-22 15:51:19', 'http://img.168dh.cn/website/1574409079344engadget.png', '0', '消费性电子产品新闻和评测', 'Engadget中国', 'public', 'https://cn.engadget.com/', '0');
INSERT INTO `website` VALUES ('94', '2019-11-22 15:51:20', 'http://img.168dh.cn/website/1574409079768ithome.png', '0', '数码，科技，生活', 'IT之家', 'public', 'https://www.ithome.com/', '0');
INSERT INTO `website` VALUES ('95', '2019-11-22 15:51:21', 'http://img.168dh.cn/website/1574409080984zealer.png', '0', '科技生活方式第一站', 'ZEALER', 'public', 'http://www.zealer.com/', '0');
INSERT INTO `website` VALUES ('96', '2019-11-22 15:51:21', 'http://img.168dh.cn/website/1574409081532dgtle.png', '0', '分享美好数字生活', '数字尾巴', 'public', 'http://www.dgtle.com/', '0');
INSERT INTO `website` VALUES ('97', '2019-11-22 15:51:22', 'http://img.168dh.cn/website/1574409082070chiphell.png', '0', '分享与交流用户体验', 'Chiphell', 'public', 'https://www.chiphell.com/', '0');
INSERT INTO `website` VALUES ('98', '2019-11-22 15:51:23', 'http://img.168dh.cn/website/1574409083014suning.svg', '0', '苏宁易购旗下数码频道', '苏宁数码', 'public', 'https://www.suning.com/', '0');
INSERT INTO `website` VALUES ('99', '2019-11-22 15:51:23', 'http://img.168dh.cn/website/1574409083499jd.svg', '0', '京东旗下数码频道', '京东数码', 'public', 'https://shuma.jd.com', '0');
INSERT INTO `website` VALUES ('100', '2019-11-22 15:54:53', 'http://img.168dh.cn/website/1574409292845github.svg', '0', '世界上最出名的代码托管平台', 'Github', 'public', 'https://github.com/', '0');
INSERT INTO `website` VALUES ('101', '2019-11-22 15:54:54', 'http://img.168dh.cn/website/1574409293803oschina.svg', '0', '国内最大的开源技术社区', '开源中国', 'public', 'http://www.oschina.net/', '0');
INSERT INTO `website` VALUES ('102', '2019-11-22 15:54:54', 'http://img.168dh.cn/website/1574409294273segmentfault.png', '0', '中国领先的开发者技术社区', 'Segmentfault', 'public', 'https://segmentfault.com/', '0');
INSERT INTO `website` VALUES ('103', '2019-11-22 15:54:55', 'http://img.168dh.cn/website/1574409294618v2ex.png', '0', '开发者、创意工作者社区', 'v2ex', 'public', 'https://www.v2ex.com/', '0');
INSERT INTO `website` VALUES ('104', '2019-11-22 15:54:55', 'http://img.168dh.cn/website/1574409295061csdn.svg', '0', '专业IT技术社区', 'CSDN', 'public', 'https://www.csdn.net/', '0');
INSERT INTO `website` VALUES ('105', '2019-11-22 15:54:55', 'http://img.168dh.cn/website/1574409295395cnblogs.png', '0', '代码改变世界', '博客园', 'public', 'https://www.cnblogs.com/', '0');
INSERT INTO `website` VALUES ('106', '2019-11-22 15:54:56', 'http://img.168dh.cn/website/1574409295753aliyun.svg', '0', '上云就上阿里云', '阿里云', 'public', 'https://union-click.jd.com/jdc?e=&p=AyIGZRprFDJWWA1FBCVbV0IUWVALHFRBEwQAQB1AWQkrOE9SeUMcGD12aWQOXUBaQ1R2Dhd%2FHRkOIgdQGVsRChoFXRlrFQMTBlYSXRwDEjdlG1olSXwGZRteFwYWBFcdXhMyEgNSHF4cBRUEUh5bFjIVB1wrj6mAxZvBw%2Fe61KCpZStrFjIiN1UbaxUyTUMIRmsXAxMDXA%3D%3D', '0');
INSERT INTO `website` VALUES ('107', '2019-11-22 15:54:56', 'http://img.168dh.cn/website/1574409296492toutiaoio.png', '0', '技术极客的头条新闻', '开发者头条', 'public', 'https://toutiao.io/', '0');
INSERT INTO `website` VALUES ('108', '2019-11-22 15:55:00', 'http://img.168dh.cn/website/1574409299898juejin.svg', '0', '一个帮助开发者成长的社区', '掘金', 'public', 'https://juejin.im/', '0');
INSERT INTO `website` VALUES ('109', '2019-11-22 15:55:38', 'http://img.168dh.cn/website/1574409338607zhilian.svg', '0', '一站式人力资源服务平台', '智联招聘', 'public', 'http://www.zhaopin.com/', '0');
INSERT INTO `website` VALUES ('110', '2019-11-22 15:55:40', 'http://img.168dh.cn/website/1574409339669lagou.svg', '0', '权威的互联网行业招聘平台', '拉勾网', 'public', 'https://www.lagou.com/', '0');
INSERT INTO `website` VALUES ('111', '2019-11-22 15:55:40', 'http://img.168dh.cn/website/1574409340065zhipin.svg', '0', '互联网招聘神器！', 'BOSS直聘', 'public', 'https://www.zhipin.com/', '0');
INSERT INTO `website` VALUES ('112', '2019-11-22 15:55:40', 'http://img.168dh.cn/website/157440934046051job.svg', '0', '具有广泛影响力的人力资源服务供应商', '前程无忧', 'public', 'http://www.51job.com/', '0');
INSERT INTO `website` VALUES ('113', '2019-11-22 15:55:41', 'http://img.168dh.cn/website/1574409340958liepin.svg', '0', '精英职业发展平台', '猎聘网', 'public', 'https://www.liepin.com/', '0');
INSERT INTO `website` VALUES ('114', '2019-11-22 15:55:41', 'http://img.168dh.cn/website/1574409341454100offer.png', '0', '让最好的人才遇见更好的机会', '100offer', 'public', 'https://cn.100offer.com/', '0');
INSERT INTO `website` VALUES ('115', '2019-11-22 15:55:42', 'http://img.168dh.cn/website/1574409342377neitui.png', '0', '专注互联网垂直招聘平台', '内推网', 'public', 'http://www.neitui.me/', '0');
INSERT INTO `website` VALUES ('116', '2019-11-22 15:55:43', 'http://img.168dh.cn/website/1574409342847chinahr.svg', '0', '国内最早、最专业的人才招聘网站之一', '中华英才网', 'public', 'http://www.chinahr.com/', '0');
INSERT INTO `website` VALUES ('117', '2019-11-22 15:55:43', 'http://img.168dh.cn/website/1574409343238500d.png', '0', '好用的简历制作工具', '五百丁', 'public', 'http://www.500d.me/', '0');
INSERT INTO `website` VALUES ('118', '2019-11-22 15:59:50', 'http://img.168dh.cn/website/1574409589994weibo.svg', '0', '随时随地发现新鲜事~', '新浪微博', 'public', 'http://weibo.com/', '0');
INSERT INTO `website` VALUES ('119', '2019-11-22 15:59:51', 'http://img.168dh.cn/website/1574409590807zhihu.svg', '0', '与世界分享你的知识、经验和见解', '知乎', 'public', 'https://www.zhihu.com/', '0');
INSERT INTO `website` VALUES ('120', '2019-11-22 15:59:51', 'http://img.168dh.cn/website/1574409591168douban.svg', '0', '文艺小清新社区', '豆瓣', 'public', 'https://www.douban.com/', '0');
INSERT INTO `website` VALUES ('121', '2019-11-22 15:59:52', 'http://img.168dh.cn/website/1574409591548tieba.svg', '0', '全球最大的中文社区', '百度贴吧', 'public', 'https://tieba.baidu.com/', '0');
INSERT INTO `website` VALUES ('122', '2019-11-22 15:59:52', 'http://img.168dh.cn/website/1574409592152lofter.png', '0', '网易旗下国内最优质的图片社交软件', 'LOFTER', 'public', 'http://www.lofter.com/', '0');
INSERT INTO `website` VALUES ('123', '2019-11-22 15:59:53', 'http://img.168dh.cn/website/1574409592942shuimu.png', '0', '源于清华的高知社群', '水木社区', 'public', 'http://www.newsmth.net/nForum/#!mainpage', '0');
INSERT INTO `website` VALUES ('124', '2019-11-22 15:59:54', 'http://img.168dh.cn/website/1574409593934xici.png', '0', '开放式社区平台', '西祠胡同', 'public', 'http://www.xici.net/', '0');
INSERT INTO `website` VALUES ('125', '2019-11-22 15:59:55', 'http://img.168dh.cn/website/1574409594954tianya.svg', '0', '全球华人网上家园', '天涯社区', 'public', 'http://focus.tianya.cn/', '0');
INSERT INTO `website` VALUES ('126', '2019-11-22 15:59:55', 'http://img.168dh.cn/website/1574409595445mop.png', '0', '网络流行文化发源地', '猫扑网', 'public', 'http://www.mop.com/', '0');
INSERT INTO `website` VALUES ('289', '2019-11-25 10:23:49', 'https://www.google.cn/s2/favicons?domain=http://pngimg.com/', '0', ' 免费透明PNG图像', 'PngImg ', 'public', 'http://pngimg.com/', '0');
INSERT INTO `website` VALUES ('290', '2019-11-25 10:25:54', 'https://www.google.cn/s2/favicons?domain=https://folioart.co.uk', '0', ' 插画家和艺术家的作品集', 'Folioart ', 'public', 'https://folioart.co.uk', '0');
INSERT INTO `website` VALUES ('291', '2019-11-25 10:25:54', 'https://www.google.cn/s2/favicons?domain=https://illustrationage.com/', '0', ' 插图画家的终极资源', 'illustrationage ', 'public', 'https://illustrationage.com/', '0');
INSERT INTO `website` VALUES ('292', '2019-11-25 10:25:54', 'https://www.google.cn/s2/favicons?domain=https://www.itsnicethat.com/', '0', ' 优秀插画作品及创作的故事', 'It\'s Nice That ', 'public', 'https://www.itsnicethat.com/', '0');
INSERT INTO `website` VALUES ('293', '2019-11-25 10:25:54', 'https://www.google.cn/s2/favicons?domain=https://www.theispot.com/', '0', ' 优秀插画展示目录', 'The i spot ', 'public', 'https://www.theispot.com', '0');
INSERT INTO `website` VALUES ('294', '2019-11-25 10:25:54', 'https://www.google.cn/s2/favicons?domain=https://www.pixiv.net', '0', ' 日本艺术家插画交流网站', 'Pixiv', 'public', 'https://www.pixiv.net', '0');
INSERT INTO `website` VALUES ('295', '2019-11-25 10:25:54', 'https://www.google.cn/s2/favicons?domain=https://www.grafolio.com', '0', ' 创作者们的游乐园', 'Grafolio ', 'public', 'https://www.grafolio.com', '0');
INSERT INTO `website` VALUES ('296', '2019-11-25 10:25:54', 'https://www.google.cn/s2/favicons?domain=https://www.artstation.com/', '0', ' 原画游戏设计插画作品网', 'Artstation ', 'public', 'https://www.artstation.com/', '0');
INSERT INTO `website` VALUES ('297', '2019-11-25 10:25:54', 'https://www.google.cn/s2/favicons?domain=http://www.n8w.com/', '0', ' 聚集优秀插画家作品的网站', 'Nate Williams ', 'public', 'http://www.n8w.com/', '0');
INSERT INTO `website` VALUES ('298', '2019-11-25 10:25:54', 'https://www.google.cn/s2/favicons?domain=http://drawr.net/', '0', ' 可以浏览漫画绘画的过程', 'Drawr ', 'public', 'http://drawr.net/', '0');
INSERT INTO `website` VALUES ('299', '2019-11-25 10:25:54', 'https://www.google.cn/s2/favicons?domain=http://www.agent002.com', '0', ' 法国插画作品博客', 'Agent002 ', 'public', 'http://www.agent002.com', '0');
INSERT INTO `website` VALUES ('300', '2019-11-25 10:25:54', 'https://www.google.cn/s2/favicons?domain=https://www.viz.com/', '0', ' 最好的漫画，动画和全球娱乐', 'viz.com ', 'public', 'https://www.viz.com/', '0');
INSERT INTO `website` VALUES ('301', '2019-11-25 10:25:54', 'https://www.google.cn/s2/favicons?domain=http://poolga.com/', '0', ' 插画艺术壁纸设计', 'Poolga ', 'public', 'http://poolga.com/', '0');
INSERT INTO `website` VALUES ('302', '2019-11-25 10:25:54', 'https://www.google.cn/s2/favicons?domain=http://sakiroo.com/', '0', ' 超人气插画师', 'SAKIROO ', 'public', 'http://sakiroo.com/', '0');
INSERT INTO `website` VALUES ('303', '2019-11-25 10:25:54', 'https://www.google.cn/s2/favicons?domain=https://www.gracg.com/', '0', ' 原创绘画交流平台', '涂鸦王国 ', 'public', 'https://www.gracg.com/', '0');
INSERT INTO `website` VALUES ('304', '2019-11-25 10:25:54', 'https://www.google.cn/s2/favicons?domain=https://konachan.net/post', '0', ' 动漫ACG壁纸', 'konachan', 'public', 'https://konachan.net/post', '0');
INSERT INTO `website` VALUES ('305', '2019-11-25 10:25:54', 'https://www.google.cn/s2/favicons?domain=https://leaveastory.com/', '0', ' 用漫画讲述故事交换', 'leaveastory ', 'public', 'https://leaveastory.com/', '0');
INSERT INTO `website` VALUES ('306', '2019-11-25 10:25:54', 'https://www.google.cn/s2/favicons?domain=https://donnadi.com/', '0', ' 艺术与时尚结合的作品', 'Donnadi ', 'public', 'https://donnadi.com/', '0');
INSERT INTO `website` VALUES ('232', '2019-11-25 10:13:31', 'https://www.google.cn/s2/favicons?domain=https://www.logonews.cn/', '0', ' 标志情报局', 'Logonews ', 'public', 'https://www.logonews.cn/', '0');
INSERT INTO `website` VALUES ('233', '2019-11-25 10:13:31', 'https://www.google.cn/s2/favicons?domain=http://instantlogosearch.com/', '0', ' 矢量logo下载', 'Instant ', 'public', 'http://instantlogosearch.com/', '0');
INSERT INTO `website` VALUES ('234', '2019-11-25 10:13:32', 'https://www.google.cn/s2/favicons?domain=https://worldvectorlogo.com/', '0', ' 品牌标志下载', 'IBrand logos ', 'public', 'http://instantlogosearch.com/', '0');
INSERT INTO `website` VALUES ('235', '2019-11-25 10:13:32', 'https://www.google.cn/s2/favicons?domain=easyicon.net', '0', ' 图标下载', 'easyicon ', 'public', 'https://www.easyicon.net/', '0');
INSERT INTO `website` VALUES ('236', '2019-11-25 10:13:32', 'https://www.google.cn/s2/favicons?domain=https://www.iconfont.cn/', '0', ' 阿里巴巴矢量图标库', 'Iconfont ', 'public', 'https://www.iconfont.cn/collections/index', '0');
INSERT INTO `website` VALUES ('237', '2019-11-25 10:13:32', 'https://www.google.cn/s2/favicons?domain=https://thenounproject.com/', '0', ' 黑白图标', 'thenounproject ', 'public', 'https://thenounproject.com/', '0');
INSERT INTO `website` VALUES ('238', '2019-11-25 10:13:32', 'https://www.google.cn/s2/favicons?domain=https://logopond.com/', '0', ' 国外LOGO展示社区', 'Logopond ', 'public', 'https://logopond.com/', '0');
INSERT INTO `website` VALUES ('239', '2019-11-25 10:13:32', 'https://www.google.cn/s2/favicons?domain=http://www.logogala.com/', '0', ' logo灵感', 'logogala ', 'public', 'http://www.logogala.com/', '0');
INSERT INTO `website` VALUES ('240', '2019-11-25 10:13:32', 'https://www.google.cn/s2/favicons?domain=https://www.logomoose.com/', '0', ' 标志灵感', 'logomoose ', 'public', 'https://www.logomoose.com/', '0');
INSERT INTO `website` VALUES ('241', '2019-11-25 10:19:43', 'https://www.google.cn/s2/favicons?domain=http://lackk.com/color/', '0', ' 常用传统配色灵感收集', 'Color ', 'public', 'http://lackk.com/color/', '0');
INSERT INTO `website` VALUES ('242', '2019-11-25 10:19:44', 'https://www.google.cn/s2/favicons?domain=https://color.adobe.com', '0', ' 颜色主题探索', 'Adobe color ', 'public', 'https://color.adobe.com/zh/explore/', '0');
INSERT INTO `website` VALUES ('243', '2019-11-25 10:19:44', 'https://www.google.cn/s2/favicons?domain=http://www.fashiontrendsetter.com', '0', ' 时尚流行搭配', 'Fashion Trendsetter ', 'public', 'http://www.fashiontrendsetter.com', '0');
INSERT INTO `website` VALUES ('244', '2019-11-25 10:19:44', 'https://www.google.cn/s2/favicons?domain=http://www.colorfavs.com/', '0', ' 上传提取图片风格的颜色', 'ColorFavs', 'public', 'http://www.colorfavs.com/', '0');
INSERT INTO `website` VALUES ('245', '2019-11-25 10:19:44', 'https://www.google.cn/s2/favicons?domain=http://www.peise.net/', '0', ' 色彩搭配方案', '配色网 ', 'public', 'http://www.peise.net/', '0');
INSERT INTO `website` VALUES ('246', '2019-11-25 10:19:44', 'https://www.google.cn/s2/favicons?domain=https://www.design-seeds.com/', '0', ' 配色图片', 'Design Seeds ', 'public', 'https://www.design-seeds.com/', '0');
INSERT INTO `website` VALUES ('247', '2019-11-25 10:19:44', 'https://www.google.cn/s2/favicons?domain=http://nipponcolors.com/', '0', ' 日本传统配色', 'Nipponcolors ', 'public', 'http://nipponcolors.com/', '0');
INSERT INTO `website` VALUES ('248', '2019-11-25 10:19:44', 'https://www.google.cn/s2/favicons?domain=https://colourco.de/', '0', null, 'Colourco 在线颜色搭配工具', 'public', 'https://colourco.de/', '0');
INSERT INTO `website` VALUES ('249', '2019-11-25 10:21:44', 'https://gallery.1x.com/favicon.ico', '0', ' 纯粹的摄影社区', '1x.com ', 'public', 'https://gallery.1x.com ', '0');
INSERT INTO `website` VALUES ('250', '2019-11-25 10:21:44', 'https://www.google.cn/s2/favicons?domain=https://35photo.pro/', '0', ' 专业摄影师社交网络', '35photo ', 'public', 'https://35photo.pro/', '0');
INSERT INTO `website` VALUES ('251', '2019-11-25 10:21:44', 'https://www.google.cn/s2/favicons?domain=https://www.lensculture.com/', '0', '当代摄影', 'LensCulture ', 'public', 'https://www.lensculture.com/', '0');
INSERT INTO `website` VALUES ('252', '2019-11-25 10:21:44', 'https://www.pexels.com/favicon.ico', '0', ' 免费摄影图库 Free', 'Pexels ', 'public', 'https://www.pexels.com/', '0');
INSERT INTO `website` VALUES ('253', '2019-11-25 10:21:44', 'https://www.google.cn/s2/favicons?domain=https://unsplash.com/', '0', ' 美丽的免费图像 Free', 'Unsplas ', 'public', 'https://unsplash.com/', '0');
INSERT INTO `website` VALUES ('254', '2019-11-25 10:21:44', 'https://www.google.cn/s2/favicons?domain=https://weheartit.com', '0', ' 在挚爱中迷失自己', 'We Heart It ', 'public', 'https://weheartit.com', '0');
INSERT INTO `website` VALUES ('255', '2019-11-25 10:21:44', 'https://www.google.cn/s2/favicons?domain=http://www.chictopia.com', '0', ' 穿搭造型的灵感来源', 'WChictopia ', 'public', 'http://www.chictopia.com', '0');
INSERT INTO `website` VALUES ('256', '2019-11-25 10:21:44', 'https://www.google.cn/s2/favicons?domain=https://fashioneditorials.com/', '0', ' 时尚摄影志', 'Fashioneditorials ', 'public', 'https://fashioneditorials.com/', '0');
INSERT INTO `website` VALUES ('257', '2019-11-25 10:21:44', 'https://www.google.cn/s2/favicons?domain=https://i-d.vice.com', '0', 'd.vice.com ', 'i', 'public', 'https://i-d.vice.com', '0');
INSERT INTO `website` VALUES ('258', '2019-11-25 10:21:44', 'http://www.atelierdore.com/wp-content/themes/garancedore/images/logo-min--colored.svg', '0', ' 创造美丽', 'Atelier Doré ', 'public', 'http://www.atelierdore.com', '0');
INSERT INTO `website` VALUES ('259', '2019-11-25 10:21:44', 'https://www.google.cn/s2/favicons?domain=https://www.flickr.com/', '0', ' 你的靈感泉源', 'Flickr ', 'public', 'https://www.flickr.com/', '0');
INSERT INTO `website` VALUES ('260', '2019-11-25 10:21:44', 'https://www.google.cn/s2/favicons?domain=https://500px.com/', '0', ' 最出色的摄影社区', '500px ', 'public', 'https://500px.com/', '0');
INSERT INTO `website` VALUES ('261', '2019-11-25 10:21:44', 'https://www.google.cn/s2/favicons?domain=https://tuchong.com', '0', ' 优质摄影师交流社区', '图虫网 ', 'public', 'https://tuchong.com/video/', '0');
INSERT INTO `website` VALUES ('262', '2019-11-25 10:21:44', 'https://www.google.cn/s2/favicons?domain=https://smagazine.com/', '0', ' 法国时尚摄影师', 'Antoine Verglas ', 'public', 'https://smagazine.com/', '0');
INSERT INTO `website` VALUES ('263', '2019-11-25 10:21:44', 'https://www.google.cn/s2/favicons?domain=https://www.antoineverglas.com/', '0', ' 爱情与文化摄影杂志', 'AS Magazine ', 'public', 'https://www.antoineverglas.com', '0');
INSERT INTO `website` VALUES ('264', '2019-11-25 10:21:44', 'https://www.google.cn/s2/favicons?domain=http://nikosalpha.com', '0', null, 'Nikosalpha 摄影师', 'public', 'http://nikosalpha.com/featured', '0');
INSERT INTO `website` VALUES ('265', '2019-11-25 10:21:44', 'https://www.google.cn/s2/favicons?domain=http://www.styleclicker.net/', '0', ' 德国街头时尚摄影', 'Style Clicker ', 'public', 'http://www.styleclicker.net/', '0');
INSERT INTO `website` VALUES ('266', '2019-11-25 10:21:44', 'https://www.google.cn/s2/favicons?domain=www.kurtstallaert.com', '0', null, 'Holding Still | Kurt Stallaert', 'public', 'www.kurtstallaert.com/work', '0');
INSERT INTO `website` VALUES ('267', '2019-11-25 10:21:44', 'https://www.google.cn/s2/favicons?domain=http://www.smetana.net/', '0', ' Campaigns', 'Smetana ', 'public', 'http://www.smetana.net/', '0');
INSERT INTO `website` VALUES ('268', '2019-11-25 10:21:44', 'https://www.google.cn/s2/favicons?domain=https://www.estevezandbelloso.com', '0', null, 'estevez + belloso', 'public', 'https://www.estevezandbelloso.com', '0');
INSERT INTO `website` VALUES ('269', '2019-11-25 10:21:44', 'https://www.google.cn/s2/favicons?domain=https://www.totallycoolpix.com', '0', ' 世界新闻摄影', 'OtallyCoolPix ', 'public', 'https://www.totallycoolpix.com', '0');
INSERT INTO `website` VALUES ('270', '2019-11-25 10:21:44', 'https://www.google.cn/s2/favicons?domain=photoblog.hk', '0', ' 新奇好玩的攝影資訊', '攝影札記 ', 'public', 'https://photoblog.hk', '0');
INSERT INTO `website` VALUES ('272', '2019-11-25 10:23:49', 'http://www.quanjing.com/image/2018image/public/logo-1.png', '0', ' 收费商业图片素材库', '全景网 ', 'public', 'http://www.quanjing.com/', '0');
INSERT INTO `website` VALUES ('273', '2019-11-25 10:23:49', 'https://www.google.cn/s2/favicons?domain=https://librestock.com/', '0', ' 搜寻20个免费图库 Free', 'LibreStock ', 'public', 'https://librestock.com/', '0');
INSERT INTO `website` VALUES ('274', '2019-11-25 10:23:49', 'https://www.google.cn/s2/favicons?domain=https://pixabay.com/', '0', ' 惊人的免费图片 Free', 'Pixabay ', 'public', 'https://pixabay.com/', '0');
INSERT INTO `website` VALUES ('275', '2019-11-25 10:23:49', 'https://www.google.cn/s2/favicons?domain=https://www.pakutaso.com/', '0', ' 免费人物素材 Free', 'Pakutaso ', 'public', 'https://www.pakutaso.com/', '0');
INSERT INTO `website` VALUES ('276', '2019-11-25 10:23:49', 'https://www.google.cn/s2/favicons?domain=https://www.nicepik.com/', '0', ' 基于AI的数百万张图库 Free', 'Nicepik ', 'public', 'https://www.nicepik.com/', '0');
INSERT INTO `website` VALUES ('277', '2019-11-25 10:23:49', 'https://www.google.cn/s2/favicons?domain=https://kaboompics.com/', '0', ' 媒體也愛用的免費图库 Free', 'Kaboompics ', 'public', 'https://kaboompics.com/', '0');
INSERT INTO `website` VALUES ('278', '2019-11-25 10:23:49', 'https://www.google.cn/s2/favicons?domain=https://stocksnap.io/', '0', '美丽的免费库存照片 Free', 'StockSnap ', 'public', 'https://stocksnap.io/', '0');
INSERT INTO `website` VALUES ('279', '2019-11-25 10:23:49', 'https://www.google.cn/s2/favicons?domain=https://gratisography.com/', '0', '免费的高分辨率照片 Free', 'Gratisography ', 'public', 'https://gratisography.com/', '0');
INSERT INTO `website` VALUES ('280', '2019-11-25 10:23:49', 'https://www.google.cn/s2/favicons?domain=https://visualhunt.com', '0', ' 免费高清图片搜索 Free', 'Visual Hunt ', 'public', 'https://visualhunt.com/', '0');
INSERT INTO `website` VALUES ('281', '2019-11-25 10:23:49', 'https://www.google.cn/s2/favicons?domain=http://finda.photo', '0', ' 根据颜色和标签来搜图 Free', 'FindA.Photo ', 'public', 'http://finda.photo/', '0');
INSERT INTO `website` VALUES ('282', '2019-11-25 10:23:49', 'https://www.google.cn/s2/favicons?domain=https://picjumbo.com/', '0', ' 高质量生活场景照片 Free', 'Picjumbo ', 'public', 'https://picjumbo.com/', '0');
INSERT INTO `website` VALUES ('283', '2019-11-25 10:23:49', 'https://www.google.cn/s2/favicons?domain=http://compfight.com/', '0', ' 专门搜寻flickr照片搜尋引擎', 'Compfight ', 'public', 'http://compfight.com/', '0');
INSERT INTO `website` VALUES ('284', '2019-11-25 10:23:49', 'https://www.google.cn/s2/favicons?domain=https://alpha.wallhaven.cc', '0', ' 高清壁纸', 'Wallhaven.cc ', 'public', 'https://alpha.wallhaven.cc', '0');
INSERT INTO `website` VALUES ('285', '2019-11-25 10:23:49', 'https://www.google.cn/s2/favicons?domain=https://www.goodfon.com/', '0', ' 免费下载桌面壁纸', 'Goodfon.cc ', 'public', 'https://www.goodfon.com/', '0');
INSERT INTO `website` VALUES ('286', '2019-11-25 10:23:49', 'https://www.google.cn/s2/favicons?domain=https://magdeleine.co/browse/', '0', 'picked 色彩分类大图', 'Hand', 'public', 'https://magdeleine.co/browse/', '0');
INSERT INTO `website` VALUES ('287', '2019-11-25 10:23:49', 'https://www.google.cn/s2/favicons?domain=https://www.stockvault.net', '0', null, 'stockvault.net摄影图库', 'public', 'https://www.stockvault.net', '0');
INSERT INTO `website` VALUES ('288', '2019-11-25 10:23:49', 'https://www.google.cn/s2/favicons?domain=http://www.animal-photos.org', '0', 'photos ', 'Animal', 'public', 'http://www.animal-photos.org/', '0');
INSERT INTO `website` VALUES ('215', '2019-11-25 10:06:33', 'https://www.google.cn/s2/favicons?domain=https://www.pixelsquid.com/', '0', ' 全透视角度素材', 'PixelSquid ', 'public', 'https://www.pixelsquid.com/', '0');
INSERT INTO `website` VALUES ('216', '2019-11-25 10:06:33', 'https://www.google.cn/s2/favicons?domain=http://freebiesbug.com/', '0', ' 在线免费设计师资源', 'FreeBiesbug ', 'public', 'http://freebiesbug.com/', '0');
INSERT INTO `website` VALUES ('217', '2019-11-25 10:06:33', 'https://www.google.cn/s2/favicons?domain=https://freedesignresources.net/', '0', null, 'Freedesignresources', 'public', 'https://freedesignresources.net/', '0');
INSERT INTO `website` VALUES ('218', '2019-11-25 10:06:33', 'https://www.google.cn/s2/favicons?domain=https://creativemarket.com/', '0', ' 创意市场', 'creativemarket ', 'public', 'https://creativemarket.com/', '0');
INSERT INTO `website` VALUES ('219', '2019-11-25 10:06:33', 'https://www.google.cn/s2/favicons?domain=https://psdrepo.com', '0', ' 每日更新高品質素材', 'PSDRepo ', 'public', 'https://psdrepo.com', '0');
INSERT INTO `website` VALUES ('220', '2019-11-25 10:06:33', 'https://www.google.cn/s2/favicons?domain=https://www.graphicsfuel.com/', '0', ' 国外免费设计素材模板下载站', 'GraphicsFuel ', 'public', 'https://www.graphicsfuel.com/', '0');
INSERT INTO `website` VALUES ('221', '2019-11-25 10:06:33', 'https://www.google.cn/s2/favicons?domain=https://www.freepik.com/', '0', ' 免费高质量矢量图下载', 'Freepik ', 'public', 'https://www.freepik.com/', '0');
INSERT INTO `website` VALUES ('222', '2019-11-25 10:06:33', 'https://www.google.cn/s2/favicons?domain=https://www.toptal.com', '0', ' 简洁大气的背景纹理素材', 'Subtlepatterns ', 'public', 'https://www.toptal.com/designers/subtlepatterns/', '0');
INSERT INTO `website` VALUES ('223', '2019-11-25 10:06:33', 'https://www.google.cn/s2/favicons?domain=http://www.hituyu.com/', '0', ' 完美平铺的底纹', '图鱼 ', 'public', 'http://www.hituyu.com/', '0');
INSERT INTO `website` VALUES ('224', '2019-11-25 10:06:33', 'https://www.google.cn/s2/favicons?domain=https://www.textures.com/', '0', ' 优质的纹理、背景', 'Textures ', 'public', 'https://www.textures.com/', '0');
INSERT INTO `website` VALUES ('225', '2019-11-25 10:06:33', 'https://www.google.cn/s2/favicons?domain=http://www.58pic.com/', '0', ' 专注设计素材', '千图网 ', 'public', 'http://www.58pic.com/', '0');
INSERT INTO `website` VALUES ('226', '2019-11-25 10:06:33', 'https://www.google.cn/s2/favicons?domain=http://588ku.com/', '0', ' png图片背景素材库', '58库 ', 'public', 'http://588ku.com/', '0');
INSERT INTO `website` VALUES ('227', '2019-11-25 10:06:33', 'https://www.google.cn/s2/favicons?domain=http://www.sccnn.com/', '0', ' 免费素材共享平台', '素材中国 ', 'public', 'http://www.sccnn.com/', '0');
INSERT INTO `website` VALUES ('228', '2019-11-25 10:06:33', 'https://www.google.cn/s2/favicons?domain=http://www.coverr.co/', '0', ' 免费网页背景影片 Free', 'Coverr ', 'public', 'http://www.coverr.co/', '0');
INSERT INTO `website` VALUES ('229', '2019-11-25 10:06:33', 'https://www.google.cn/s2/favicons?domain=http://free-paper-texture.com/', '0', ' 高画质纸张纹理素材 Free', 'Paper texture ', 'public', 'http://free-paper-texture.com/', '0');
INSERT INTO `website` VALUES ('230', '2019-11-25 10:06:33', 'https://www.google.cn/s2/favicons?domain=https://www.brusheezy.com/', '0', ' 免费笔刷、纹理及图案样式集散地 Free', 'brusheezy ', 'public', 'https://www.brusheezy.com/', '0');
INSERT INTO `website` VALUES ('231', '2019-11-25 10:06:33', 'https://www.google.cn/s2/favicons?domain=https://qbrushes.net/', '0', ' 高质量笔刷下载网站', 'Qbrushes ', 'public', 'https://qbrushes.net/', '0');
INSERT INTO `website` VALUES ('307', '2019-11-25 10:25:54', 'https://www.google.cn/s2/favicons?domain=http://www.sketchswap.com/', '0', ' 一画换一画', 'Sketch Swap ', 'public', 'http://www.sketchswap.com/', '0');
INSERT INTO `website` VALUES ('308', '2019-11-25 10:28:28', 'https://www.google.cn/s2/favicons?domain=https://giphy.com', '0', null, 'Giphy 创意Gif图片搜索引擎', 'public', 'https://giphy.com/', '0');
INSERT INTO `website` VALUES ('309', '2019-11-25 10:28:28', 'https://www.google.cn/s2/favicons?domain=http://huaban.com/', '0', ' 中国美图收藏采集站', '花瓣 ', 'public', 'http://huaban.com/', '0');
INSERT INTO `website` VALUES ('310', '2019-11-25 10:28:28', 'https://static.zcool.cn/git_z/z/site/favicon.ico?version=1542100790615', '0', ' 设计师互动平台', '站酷 (ZCOOL) ', 'public', 'https://www.zcool.com.cn', '0');
INSERT INTO `website` VALUES ('311', '2019-11-25 10:28:28', 'https://www.google.cn/s2/favicons?domain=http://www.gtn9.com', '0', '品牌创意平台', '古田路9号', 'public', 'http://www.gtn9.com', '0');
INSERT INTO `website` VALUES ('312', '2019-11-25 10:28:28', 'https://www.google.cn/s2/favicons?domain=https://dribbble.com/', '0', ' 全球UI设计师作品秀社区', 'Dribbble ', 'public', 'https://dribbble.com/', '0');
INSERT INTO `website` VALUES ('313', '2019-11-25 10:28:28', 'https://www.google.cn/s2/favicons?domain=https://www.pinterest.com/', '0', ' 全球美图收藏采集站', 'Pinterest ', 'public', 'https://www.pinterest.com/', '0');
INSERT INTO `website` VALUES ('314', '2019-11-25 10:28:28', 'https://www.google.cn/s2/favicons?domain=https://www.behance.net/', '0', ' 创意视觉艺术展示平台', 'Behance ', 'public', 'https://www.behance.net/', '0');
INSERT INTO `website` VALUES ('315', '2019-11-25 10:28:28', 'https://www.google.cn/s2/favicons?domain=https://www.deviantart.com/', '0', ' 分享各类艺术创作的设计社区', 'Deviantart ', 'public', 'https://www.deviantart.com/', '0');
INSERT INTO `website` VALUES ('316', '2019-11-25 10:28:28', 'https://www.google.cn/s2/favicons?domain=https://medium.muz.li/', '0', ' 关于设计和交互的最新UX', 'muz.li ', 'public', 'https://medium.muz.li/', '0');
INSERT INTO `website` VALUES ('317', '2019-11-25 10:28:28', 'img/favicons/trendlist.jpg', '0', ' 设计趋势', 'trendlist ', 'public', 'http://www.trendlist.org/', '0');
INSERT INTO `website` VALUES ('318', '2019-11-25 10:28:28', 'https://www.booooooom.com/favicon.ico', '0', ' 充满想像的艺术社区', 'Booooooom ', 'public', 'https://www.booooooom.com/', '0');
INSERT INTO `website` VALUES ('319', '2019-11-25 10:28:28', 'https://www.google.cn/s2/favicons?domain=https://niice.co/', '0', ' 与你的团队收集、分享和讨论想法', 'Niice ', 'public', 'https://niice.co/', '0');
INSERT INTO `website` VALUES ('320', '2019-11-25 10:28:28', 'https://www.google.cn/s2/favicons?domain=https://www.designspiration.net/', '0', ' 设计启示录', 'Designspiration ', 'public', 'https://www.designspiration.net/', '0');
INSERT INTO `website` VALUES ('321', '2019-11-25 10:28:28', 'https://www.google.cn/s2/favicons?domain=https://www.inspirationde.com/', '0', ' 设计灵感资源', 'Inspirationde ', 'public', 'https://www.inspirationde.com/', '0');
INSERT INTO `website` VALUES ('322', '2019-11-25 10:28:28', 'https://www.google.cn/s2/favicons?domain=http://www.baubauhaus.com/', '0', ' 设计灵感、插画', 'Baubauhaus ', 'public', 'http://www.baubauhaus.com/', '0');
INSERT INTO `website` VALUES ('323', '2019-11-25 10:28:28', 'https://www.google.cn/s2/favicons?domain=http://www.fubiz.net/', '0', ' 法国超人气创意灵感平台', 'Fubiz ', 'public', 'http://www.fubiz.net/', '0');
INSERT INTO `website` VALUES ('324', '2019-11-25 10:28:28', 'https://www.google.cn/s2/favicons?domain=https://coverjunkie.com', '0', ' 书籍封面设计', 'Coverjunkie', 'public', 'https://coverjunkie.com', '0');
INSERT INTO `website` VALUES ('325', '2019-11-25 10:28:28', 'https://www.google.cn/s2/favicons?domain=https://www.mydesy.com/', '0', '台湾灵感创意视觉资讯', '淘靈感 ', 'public', 'https://www.mydesy.com/', '0');
INSERT INTO `website` VALUES ('326', '2019-11-25 10:28:28', 'https://www.google.cn/s2/favicons?domain=https://ello.co/', '0', ' 创意工作者网络社区和资讯', 'Ello ', 'public', 'https://ello.co/', '0');
INSERT INTO `website` VALUES ('327', '2019-11-25 10:28:28', 'https://www.google.cn/s2/favicons?domain=https://abduzeedo.com/', '0', ' 创意灵感和教程的设计博客', 'Abduzeedo ', 'public', 'https://abduzeedo.com/', '0');
INSERT INTO `website` VALUES ('328', '2019-11-25 10:28:28', 'https://www.google.cn/s2/favicons?domain=http://theinspirationgrid.com/', '0', ' 创意灵感收录集合', 'Inspiration ', 'public', 'http://theinspirationgrid.com/', '0');
INSERT INTO `website` VALUES ('329', '2019-11-25 10:28:28', 'https://www.google.cn/s2/favicons?domain=https://thefwa.com/', '0', ' 创意媒体艺术设计作品展', 'FWA ', 'public', 'https://thefwa.com/', '0');
INSERT INTO `website` VALUES ('330', '2019-11-25 10:28:28', 'https://www.google.cn/s2/favicons?domain=https://www.thisiscolossal.com/', '0', ' 艺术创意设计作品收集博客', 'ThisIsColossal ', 'public', 'https://www.thisiscolossal.com/', '0');
INSERT INTO `website` VALUES ('331', '2019-11-25 10:28:28', 'https://www.google.cn/s2/favicons?domain=http://www.impawards.com/', '0', ' 电影海报收集平台', 'ImpaWards ', 'public', 'http://www.impawards.com/', '0');
INSERT INTO `website` VALUES ('332', '2019-11-25 10:28:28', 'https://www.google.cn/s2/favicons?domain=https://www.koozarch.com/', '0', ' 最具艺术化的图纸', 'KooZA/rch ', 'public', 'https://www.koozarch.com/', '0');
INSERT INTO `website` VALUES ('333', '2019-11-25 10:28:28', 'https://www.google.cn/s2/favicons?domain=https://www.archdaily.cn', '0', ' 世界最受欢迎的建筑网站', 'Archdaily ', 'public', 'https://www.archdaily.cn', '0');

-- ----------------------------
-- Table structure for website_category
-- ----------------------------
DROP TABLE IF EXISTS `website_category`;
CREATE TABLE `website_category` (
  `id` int(11) NOT NULL AUTO_INCREMENT,
  `category_id` int(11) DEFAULT NULL,
  `website_id` int(11) DEFAULT NULL,
  PRIMARY KEY (`id`)
) ENGINE=MyISAM AUTO_INCREMENT=341 DEFAULT CHARSET=utf8;

-- ----------------------------
-- Records of website_category
-- ----------------------------
INSERT INTO `website_category` VALUES ('1', '6', '1');
INSERT INTO `website_category` VALUES ('2', '6', '2');
INSERT INTO `website_category` VALUES ('3', '6', '3');
INSERT INTO `website_category` VALUES ('4', '6', '4');
INSERT INTO `website_category` VALUES ('5', '6', '5');
INSERT INTO `website_category` VALUES ('7', '6', '6');
INSERT INTO `website_category` VALUES ('8', '6', '7');
INSERT INTO `website_category` VALUES ('9', '6', '8');
INSERT INTO `website_category` VALUES ('10', '6', '9');
INSERT INTO `website_category` VALUES ('12', '6', '10');
INSERT INTO `website_category` VALUES ('13', '6', '11');
INSERT INTO `website_category` VALUES ('14', '6', '12');
INSERT INTO `website_category` VALUES ('15', '7', '13');
INSERT INTO `website_category` VALUES ('16', '7', '14');
INSERT INTO `website_category` VALUES ('17', '7', '15');
INSERT INTO `website_category` VALUES ('18', '7', '16');
INSERT INTO `website_category` VALUES ('19', '7', '17');
INSERT INTO `website_category` VALUES ('20', '7', '18');
INSERT INTO `website_category` VALUES ('21', '7', '19');
INSERT INTO `website_category` VALUES ('22', '9', '20');
INSERT INTO `website_category` VALUES ('24', '9', '21');
INSERT INTO `website_category` VALUES ('25', '9', '22');
INSERT INTO `website_category` VALUES ('26', '9', '23');
INSERT INTO `website_category` VALUES ('27', '9', '24');
INSERT INTO `website_category` VALUES ('28', '9', '25');
INSERT INTO `website_category` VALUES ('29', '35', '26');
INSERT INTO `website_category` VALUES ('31', '35', '27');
INSERT INTO `website_category` VALUES ('32', '35', '28');
INSERT INTO `website_category` VALUES ('33', '35', '29');
INSERT INTO `website_category` VALUES ('34', '35', '30');
INSERT INTO `website_category` VALUES ('35', '35', '31');
INSERT INTO `website_category` VALUES ('36', '10', '32');
INSERT INTO `website_category` VALUES ('37', '10', '33');
INSERT INTO `website_category` VALUES ('38', '10', '34');
INSERT INTO `website_category` VALUES ('39', '10', '35');
INSERT INTO `website_category` VALUES ('40', '10', '36');
INSERT INTO `website_category` VALUES ('41', '11', '37');
INSERT INTO `website_category` VALUES ('42', '11', '38');
INSERT INTO `website_category` VALUES ('51', '11', '39');
INSERT INTO `website_category` VALUES ('44', '11', '40');
INSERT INTO `website_category` VALUES ('46', '11', '41');
INSERT INTO `website_category` VALUES ('47', '11', '42');
INSERT INTO `website_category` VALUES ('48', '11', '43');
INSERT INTO `website_category` VALUES ('49', '11', '44');
INSERT INTO `website_category` VALUES ('52', '11', '45');
INSERT INTO `website_category` VALUES ('222', '32', '215');
INSERT INTO `website_category` VALUES ('223', '32', '216');
INSERT INTO `website_category` VALUES ('224', '32', '217');
INSERT INTO `website_category` VALUES ('225', '32', '218');
INSERT INTO `website_category` VALUES ('226', '32', '219');
INSERT INTO `website_category` VALUES ('227', '32', '220');
INSERT INTO `website_category` VALUES ('228', '32', '221');
INSERT INTO `website_category` VALUES ('229', '32', '222');
INSERT INTO `website_category` VALUES ('230', '32', '223');
INSERT INTO `website_category` VALUES ('62', '12', '55');
INSERT INTO `website_category` VALUES ('63', '12', '56');
INSERT INTO `website_category` VALUES ('64', '12', '57');
INSERT INTO `website_category` VALUES ('65', '12', '58');
INSERT INTO `website_category` VALUES ('66', '12', '59');
INSERT INTO `website_category` VALUES ('67', '12', '60');
INSERT INTO `website_category` VALUES ('68', '12', '61');
INSERT INTO `website_category` VALUES ('69', '12', '62');
INSERT INTO `website_category` VALUES ('70', '12', '63');
INSERT INTO `website_category` VALUES ('71', '13', '64');
INSERT INTO `website_category` VALUES ('72', '13', '65');
INSERT INTO `website_category` VALUES ('73', '13', '66');
INSERT INTO `website_category` VALUES ('74', '13', '67');
INSERT INTO `website_category` VALUES ('75', '13', '68');
INSERT INTO `website_category` VALUES ('76', '13', '69');
INSERT INTO `website_category` VALUES ('77', '13', '70');
INSERT INTO `website_category` VALUES ('78', '13', '71');
INSERT INTO `website_category` VALUES ('79', '13', '72');
INSERT INTO `website_category` VALUES ('80', '14', '73');
INSERT INTO `website_category` VALUES ('81', '14', '74');
INSERT INTO `website_category` VALUES ('82', '14', '75');
INSERT INTO `website_category` VALUES ('83', '14', '76');
INSERT INTO `website_category` VALUES ('84', '14', '77');
INSERT INTO `website_category` VALUES ('85', '14', '78');
INSERT INTO `website_category` VALUES ('86', '14', '79');
INSERT INTO `website_category` VALUES ('87', '14', '80');
INSERT INTO `website_category` VALUES ('88', '14', '81');
INSERT INTO `website_category` VALUES ('89', '15', '82');
INSERT INTO `website_category` VALUES ('90', '15', '83');
INSERT INTO `website_category` VALUES ('91', '15', '84');
INSERT INTO `website_category` VALUES ('92', '15', '85');
INSERT INTO `website_category` VALUES ('93', '15', '86');
INSERT INTO `website_category` VALUES ('94', '15', '87');
INSERT INTO `website_category` VALUES ('95', '15', '88');
INSERT INTO `website_category` VALUES ('96', '15', '89');
INSERT INTO `website_category` VALUES ('97', '15', '90');
INSERT INTO `website_category` VALUES ('98', '16', '91');
INSERT INTO `website_category` VALUES ('99', '16', '92');
INSERT INTO `website_category` VALUES ('100', '16', '93');
INSERT INTO `website_category` VALUES ('101', '16', '94');
INSERT INTO `website_category` VALUES ('102', '16', '95');
INSERT INTO `website_category` VALUES ('103', '16', '96');
INSERT INTO `website_category` VALUES ('104', '16', '97');
INSERT INTO `website_category` VALUES ('105', '16', '98');
INSERT INTO `website_category` VALUES ('106', '16', '99');
INSERT INTO `website_category` VALUES ('107', '17', '100');
INSERT INTO `website_category` VALUES ('108', '17', '101');
INSERT INTO `website_category` VALUES ('109', '17', '102');
INSERT INTO `website_category` VALUES ('110', '17', '103');
INSERT INTO `website_category` VALUES ('111', '17', '104');
INSERT INTO `website_category` VALUES ('112', '17', '105');
INSERT INTO `website_category` VALUES ('113', '17', '106');
INSERT INTO `website_category` VALUES ('114', '17', '107');
INSERT INTO `website_category` VALUES ('115', '17', '108');
INSERT INTO `website_category` VALUES ('116', '19', '109');
INSERT INTO `website_category` VALUES ('117', '19', '110');
INSERT INTO `website_category` VALUES ('118', '19', '111');
INSERT INTO `website_category` VALUES ('119', '19', '112');
INSERT INTO `website_category` VALUES ('120', '19', '113');
INSERT INTO `website_category` VALUES ('121', '19', '114');
INSERT INTO `website_category` VALUES ('122', '19', '115');
INSERT INTO `website_category` VALUES ('123', '19', '116');
INSERT INTO `website_category` VALUES ('124', '19', '117');
INSERT INTO `website_category` VALUES ('125', '18', '118');
INSERT INTO `website_category` VALUES ('126', '18', '119');
INSERT INTO `website_category` VALUES ('127', '18', '120');
INSERT INTO `website_category` VALUES ('128', '18', '121');
INSERT INTO `website_category` VALUES ('129', '18', '122');
INSERT INTO `website_category` VALUES ('130', '18', '123');
INSERT INTO `website_category` VALUES ('131', '18', '124');
INSERT INTO `website_category` VALUES ('132', '18', '125');
INSERT INTO `website_category` VALUES ('133', '18', '126');
INSERT INTO `website_category` VALUES ('239', '33', '232');
INSERT INTO `website_category` VALUES ('240', '33', '233');
INSERT INTO `website_category` VALUES ('241', '33', '234');
INSERT INTO `website_category` VALUES ('242', '33', '235');
INSERT INTO `website_category` VALUES ('243', '33', '236');
INSERT INTO `website_category` VALUES ('244', '33', '237');
INSERT INTO `website_category` VALUES ('245', '33', '238');
INSERT INTO `website_category` VALUES ('246', '33', '239');
INSERT INTO `website_category` VALUES ('247', '33', '240');
INSERT INTO `website_category` VALUES ('248', '34', '241');
INSERT INTO `website_category` VALUES ('249', '34', '242');
INSERT INTO `website_category` VALUES ('250', '34', '243');
INSERT INTO `website_category` VALUES ('251', '34', '244');
INSERT INTO `website_category` VALUES ('252', '34', '245');
INSERT INTO `website_category` VALUES ('253', '34', '246');
INSERT INTO `website_category` VALUES ('254', '34', '247');
INSERT INTO `website_category` VALUES ('255', '34', '248');
INSERT INTO `website_category` VALUES ('256', '28', '249');
INSERT INTO `website_category` VALUES ('257', '28', '250');
INSERT INTO `website_category` VALUES ('258', '28', '251');
INSERT INTO `website_category` VALUES ('259', '28', '252');
INSERT INTO `website_category` VALUES ('260', '28', '253');
INSERT INTO `website_category` VALUES ('261', '28', '254');
INSERT INTO `website_category` VALUES ('262', '28', '255');
INSERT INTO `website_category` VALUES ('263', '28', '256');
INSERT INTO `website_category` VALUES ('264', '28', '257');
INSERT INTO `website_category` VALUES ('265', '28', '258');
INSERT INTO `website_category` VALUES ('266', '28', '259');
INSERT INTO `website_category` VALUES ('267', '28', '260');
INSERT INTO `website_category` VALUES ('268', '28', '261');
INSERT INTO `website_category` VALUES ('269', '28', '262');
INSERT INTO `website_category` VALUES ('270', '28', '263');
INSERT INTO `website_category` VALUES ('271', '28', '264');
INSERT INTO `website_category` VALUES ('272', '28', '265');
INSERT INTO `website_category` VALUES ('273', '28', '266');
INSERT INTO `website_category` VALUES ('274', '28', '267');
INSERT INTO `website_category` VALUES ('275', '28', '268');
INSERT INTO `website_category` VALUES ('276', '28', '269');
INSERT INTO `website_category` VALUES ('277', '28', '270');
INSERT INTO `website_category` VALUES ('279', '29', '272');
INSERT INTO `website_category` VALUES ('280', '29', '273');
INSERT INTO `website_category` VALUES ('281', '29', '274');
INSERT INTO `website_category` VALUES ('282', '29', '275');
INSERT INTO `website_category` VALUES ('283', '29', '276');
INSERT INTO `website_category` VALUES ('284', '29', '277');
INSERT INTO `website_category` VALUES ('285', '29', '278');
INSERT INTO `website_category` VALUES ('286', '29', '279');
INSERT INTO `website_category` VALUES ('287', '29', '280');
INSERT INTO `website_category` VALUES ('288', '29', '281');
INSERT INTO `website_category` VALUES ('289', '29', '282');
INSERT INTO `website_category` VALUES ('290', '29', '283');
INSERT INTO `website_category` VALUES ('291', '29', '284');
INSERT INTO `website_category` VALUES ('292', '29', '285');
INSERT INTO `website_category` VALUES ('293', '29', '286');
INSERT INTO `website_category` VALUES ('294', '29', '287');
INSERT INTO `website_category` VALUES ('295', '29', '288');
INSERT INTO `website_category` VALUES ('296', '29', '289');
INSERT INTO `website_category` VALUES ('297', '30', '290');
INSERT INTO `website_category` VALUES ('298', '30', '291');
INSERT INTO `website_category` VALUES ('299', '30', '292');
INSERT INTO `website_category` VALUES ('300', '30', '293');
INSERT INTO `website_category` VALUES ('301', '30', '294');
INSERT INTO `website_category` VALUES ('302', '30', '295');
INSERT INTO `website_category` VALUES ('303', '30', '296');
INSERT INTO `website_category` VALUES ('304', '30', '297');
INSERT INTO `website_category` VALUES ('305', '30', '298');
INSERT INTO `website_category` VALUES ('306', '30', '299');
INSERT INTO `website_category` VALUES ('307', '30', '300');
INSERT INTO `website_category` VALUES ('308', '30', '301');
INSERT INTO `website_category` VALUES ('309', '30', '302');
INSERT INTO `website_category` VALUES ('310', '30', '303');
INSERT INTO `website_category` VALUES ('311', '30', '304');
INSERT INTO `website_category` VALUES ('312', '30', '305');
INSERT INTO `website_category` VALUES ('313', '30', '306');
INSERT INTO `website_category` VALUES ('314', '30', '307');
INSERT INTO `website_category` VALUES ('315', '31', '308');
INSERT INTO `website_category` VALUES ('316', '31', '309');
INSERT INTO `website_category` VALUES ('317', '31', '310');
INSERT INTO `website_category` VALUES ('318', '31', '311');
INSERT INTO `website_category` VALUES ('319', '31', '312');
INSERT INTO `website_category` VALUES ('320', '31', '313');
INSERT INTO `website_category` VALUES ('321', '31', '314');
INSERT INTO `website_category` VALUES ('322', '31', '315');
INSERT INTO `website_category` VALUES ('323', '31', '316');
INSERT INTO `website_category` VALUES ('324', '31', '317');
INSERT INTO `website_category` VALUES ('325', '31', '318');
INSERT INTO `website_category` VALUES ('231', '32', '224');
INSERT INTO `website_category` VALUES ('232', '32', '225');
INSERT INTO `website_category` VALUES ('233', '32', '226');
INSERT INTO `website_category` VALUES ('234', '32', '227');
INSERT INTO `website_category` VALUES ('235', '32', '228');
INSERT INTO `website_category` VALUES ('236', '32', '229');
INSERT INTO `website_category` VALUES ('237', '32', '230');
INSERT INTO `website_category` VALUES ('238', '32', '231');
INSERT INTO `website_category` VALUES ('326', '31', '319');
INSERT INTO `website_category` VALUES ('327', '31', '320');
INSERT INTO `website_category` VALUES ('328', '31', '321');
INSERT INTO `website_category` VALUES ('329', '31', '322');
INSERT INTO `website_category` VALUES ('330', '31', '323');
INSERT INTO `website_category` VALUES ('331', '31', '324');
INSERT INTO `website_category` VALUES ('332', '31', '325');
INSERT INTO `website_category` VALUES ('333', '31', '326');
INSERT INTO `website_category` VALUES ('334', '31', '327');
INSERT INTO `website_category` VALUES ('335', '31', '328');
INSERT INTO `website_category` VALUES ('336', '31', '329');
INSERT INTO `website_category` VALUES ('337', '31', '330');
INSERT INTO `website_category` VALUES ('338', '31', '331');
INSERT INTO `website_category` VALUES ('339', '31', '332');
INSERT INTO `website_category` VALUES ('340', '31', '333');

-- ----------------------------
-- Table structure for website_user
-- ----------------------------
DROP TABLE IF EXISTS `website_user`;
CREATE TABLE `website_user` (
  `id` int(11) NOT NULL AUTO_INCREMENT,
  `sort` int(11) DEFAULT NULL,
  `user_id` int(11) DEFAULT NULL,
  `website_category` varchar(255) DEFAULT NULL,
  `website_icon` varchar(255) DEFAULT NULL,
  `website_title` varchar(255) DEFAULT NULL,
  `website_url` varchar(255) DEFAULT NULL,
  PRIMARY KEY (`id`)
) ENGINE=MyISAM AUTO_INCREMENT=166 DEFAULT CHARSET=utf8;

-- ----------------------------
-- Records of website_user
-- ----------------------------
INSERT INTO `website_user` VALUES ('1', '1', '0', '0', 'http://q1clvr752.bkt.clouddn.com/website/1574394895548jd.svg', '京东商城', 'https://union-click.jd.com/jdc?e=&p=AyIGZRprFDJWWA1FBCVbV0IUWVALHFRBEwQAQB1AWQkFaxxfaF4TYDpdYRFTTwUFa1UVfz1dB3UOHjdVE14dBREEUxpbJQITBlUSUhwCFAVlK1sUMllpVCtbHQYXA1AZXRwAIgdRHV8WBxoAXRJYHAUiAFUSa05XfAEGSw8QCxZTXE9aFAciN2UYayUyEgdlG2tKRk9aZRlaFAYb');
INSERT INTO `website_user` VALUES ('100', '11', '0', '0', 'http://img.168dh.cn/website/1574402313228xiecheng.svg', '携程网', '//www.ctrip.com/?AllianceID=1113213&sid=2592216&ouid=&app=0101F00');
INSERT INTO `website_user` VALUES ('101', '12', '0', '0', 'http://img.168dh.cn/website/1574402445651feizhu.svg', '飞猪旅行', 'https://s.click.taobao.com/zyHofuv');
INSERT INTO `website_user` VALUES ('2', '13', '0', '0', 'http://img.168dh.cn/website/1574397741691suning.svg', '苏宁电器', 'https://sugs.suning.com/outstation.htm?p=BFAGFlINVAAQQhVjenFkXUsYVhAAR3duYn1QDCQ1dXNbSVINYzkoIh0XHREaHh0TZxRaIhQISRQ8V1UPVFoDGlBXGEJPCEoKWEtSLjo7aUtdHggSCgcmdyY6BwYvNGolDh5JDS45d30JBRoWGBMEG2cIFmwGREBSclBbRlBPGA');
INSERT INTO `website_user` VALUES ('120', '12', '1', '0', 'http://img.168dh.cn/website/1574402445651feizhu.svg', '飞猪旅行', 'https://s.click.taobao.com/zyHofuv');
INSERT INTO `website_user` VALUES ('5', '14', '0', '0', 'http://img.168dh.cn/website/1574398211213taobao.svg', '淘宝网', 'https://www.taobao.com/');
INSERT INTO `website_user` VALUES ('6', '15', '0', '0', 'http://img.168dh.cn/website/1574398320508tmall.svg', '天猫', 'https://www.tmall.com/');
INSERT INTO `website_user` VALUES ('7', '16', '0', '0', 'http://img.168dh.cn/website/1574398443756amazon.svg', '亚马逊', 'https://www.amazon.cn/');
INSERT INTO `website_user` VALUES ('10', '17', '0', '0', 'http://img.168dh.cn/website/1574398792388kaola.svg', '考拉海购', 'https://www.kaola.com/');
INSERT INTO `website_user` VALUES ('12', '18', '0', '0', 'http://img.168dh.cn/website/1574398927288aliyun.svg', '阿里云', 'https://s.click.taobao.com/7gUrfuv');
INSERT INTO `website_user` VALUES ('119', '11', '1', '0', 'http://img.168dh.cn/website/1574402313228xiecheng.svg', '携程网', '//www.ctrip.com/?AllianceID=1113213&sid=2592216&ouid=&app=0101F00');
INSERT INTO `website_user` VALUES ('103', '9', '0', '0', 'http://img.168dh.cn/website/1574399812291bilibili.svg', '哔哩哔哩', 'https://www.bilibili.com/');
INSERT INTO `website_user` VALUES ('104', '7', '0', '0', 'http://img.168dh.cn/website/1574409294618v2ex.png', 'v2ex', 'https://www.v2ex.com/');
INSERT INTO `website_user` VALUES ('105', '4', '0', '0', 'http://img.168dh.cn/website/1574409299898juejin.svg', '掘金', 'https://juejin.im/');
INSERT INTO `website_user` VALUES ('106', '5', '0', '0', 'http://img.168dh.cn/website/1574409591168douban.svg', '豆瓣', 'https://www.douban.com/');
INSERT INTO `website_user` VALUES ('107', '2', '0', '0', 'http://img.168dh.cn/website/1574409590807zhihu.svg', '知乎', 'https://www.zhihu.com/');
INSERT INTO `website_user` VALUES ('108', '10', '0', '0', 'http://img.168dh.cn/website/1574409589994weibo.svg', '新浪微博', 'http://weibo.com/');
INSERT INTO `website_user` VALUES ('109', '19', '0', '0', 'http://img.168dh.cn/website/1576043939448huya.svg', '虎牙直播', 'https://www.huya.com/');
INSERT INTO `website_user` VALUES ('110', '20', '0', '0', 'http://img.168dh.cn/website/1576044033399douyu.svg', '斗鱼', 'https://www.douyu.com/');
INSERT INTO `website_user` VALUES ('111', '8', '0', '0', 'http://img.168dh.cn/website/1576044185796fanyi.png', '百度翻译', 'http://www.168dh.cn');
INSERT INTO `website_user` VALUES ('112', '21', '0', '0', 'http://img.168dh.cn/website/1574399865411iqiyi.svg', '爱奇艺', 'https://www.iqiyi.com/');
INSERT INTO `website_user` VALUES ('113', '22', '0', '0', 'http://img.168dh.cn/website/1574399928451tengxunshipin.svg', '腾讯视频', 'https://v.qq.com/');
INSERT INTO `website_user` VALUES ('114', '23', '0', '0', 'http://img.168dh.cn/website/1574400003893youku.svg', '优酷', 'https://www.youku.com/');
INSERT INTO `website_user` VALUES ('115', '24', '0', '0', 'http://img.168dh.cn/website/157604535119558.png', '58同城', 'https://www.58.com/');
INSERT INTO `website_user` VALUES ('116', '3', '0', '0', 'http://img.168dh.cn/website/1574404772897tengxunxinwen.svg', '腾讯新闻', 'https://news.qq.com/');
INSERT INTO `website_user` VALUES ('117', '6', '0', '0', 'http://img.168dh.cn/website/1576045754356qqemail.png', 'QQ邮箱', 'https://mail.qq.com/');
INSERT INTO `website_user` VALUES ('118', '1', '1', '0', 'http://q1clvr752.bkt.clouddn.com/website/1574394895548jd.svg', '京东商城', 'https://union-click.jd.com/jdc?e=&p=AyIGZRprFDJWWA1FBCVbV0IUWVALHFRBEwQAQB1AWQkFaxxfaF4TYDpdYRFTTwUFa1UVfz1dB3UOHjdVE14dBREEUxpbJQITBlUSUhwCFAVlK1sUMllpVCtbHQYXA1AZXRwAIgdRHV8WBxoAXRJYHAUiAFUSa05XfAEGSw8QCxZTXE9aFAciN2UYayUyEgdlG2tKRk9aZRlaFAYb');
INSERT INTO `website_user` VALUES ('121', '13', '1', '0', 'http://img.168dh.cn/website/1574397741691suning.svg', '苏宁电器', 'https://sugs.suning.com/outstation.htm?p=BFAGFlINVAAQQhVjenFkXUsYVhAAR3duYn1QDCQ1dXNbSVINYzkoIh0XHREaHh0TZxRaIhQISRQ8V1UPVFoDGlBXGEJPCEoKWEtSLjo7aUtdHggSCgcmdyY6BwYvNGolDh5JDS45d30JBRoWGBMEG2cIFmwGREBSclBbRlBPGA');
INSERT INTO `website_user` VALUES ('122', '14', '1', '0', 'http://img.168dh.cn/website/1574398211213taobao.svg', '淘宝网', 'https://www.taobao.com/');
INSERT INTO `website_user` VALUES ('123', '15', '1', '0', 'http://img.168dh.cn/website/1574398320508tmall.svg', '天猫', 'https://www.tmall.com/');
INSERT INTO `website_user` VALUES ('124', '16', '1', '0', 'http://img.168dh.cn/website/1574398443756amazon.svg', '亚马逊', 'https://www.amazon.cn/');
INSERT INTO `website_user` VALUES ('125', '17', '1', '0', 'http://img.168dh.cn/website/1574398792388kaola.svg', '考拉海购', 'https://www.kaola.com/');
INSERT INTO `website_user` VALUES ('126', '18', '1', '0', 'http://img.168dh.cn/website/1574398927288aliyun.svg', '阿里云', 'https://s.click.taobao.com/7gUrfuv');
INSERT INTO `website_user` VALUES ('127', '9', '1', '0', 'http://img.168dh.cn/website/1574399812291bilibili.svg', '哔哩哔哩', 'https://www.bilibili.com/');
INSERT INTO `website_user` VALUES ('128', '7', '1', '0', 'http://img.168dh.cn/website/1574409294618v2ex.png', 'v2ex', 'https://www.v2ex.com/');
INSERT INTO `website_user` VALUES ('129', '4', '1', '0', 'http://img.168dh.cn/website/1574409299898juejin.svg', '掘金', 'https://juejin.im/');
INSERT INTO `website_user` VALUES ('130', '5', '1', '0', 'http://img.168dh.cn/website/1574409591168douban.svg', '豆瓣', 'https://www.douban.com/');
INSERT INTO `website_user` VALUES ('131', '2', '1', '0', 'http://img.168dh.cn/website/1574409590807zhihu.svg', '知乎', 'https://www.zhihu.com/');
INSERT INTO `website_user` VALUES ('132', '10', '1', '0', 'http://img.168dh.cn/website/1574409589994weibo.svg', '新浪微博', 'http://weibo.com/');
INSERT INTO `website_user` VALUES ('133', '19', '1', '0', 'http://img.168dh.cn/website/1576043939448huya.svg', '虎牙直播', 'https://www.huya.com/');
INSERT INTO `website_user` VALUES ('134', '20', '1', '0', 'http://img.168dh.cn/website/1576044033399douyu.svg', '斗鱼', 'https://www.douyu.com/');
INSERT INTO `website_user` VALUES ('135', '8', '1', '0', 'http://img.168dh.cn/website/1576044185796fanyi.png', '百度翻译', 'http://www.168dh.cn');
INSERT INTO `website_user` VALUES ('136', '21', '1', '0', 'http://img.168dh.cn/website/1574399865411iqiyi.svg', '爱奇艺', 'https://www.iqiyi.com/');
INSERT INTO `website_user` VALUES ('137', '22', '1', '0', 'http://img.168dh.cn/website/1574399928451tengxunshipin.svg', '腾讯视频', 'https://v.qq.com/');
INSERT INTO `website_user` VALUES ('138', '23', '1', '0', 'http://img.168dh.cn/website/1574400003893youku.svg', '优酷', 'https://www.youku.com/');
INSERT INTO `website_user` VALUES ('139', '24', '1', '0', 'http://img.168dh.cn/website/157604535119558.png', '58同城', 'https://www.58.com/');
INSERT INTO `website_user` VALUES ('140', '3', '1', '0', 'http://img.168dh.cn/website/1574404772897tengxunxinwen.svg', '腾讯新闻', 'https://news.qq.com/');
INSERT INTO `website_user` VALUES ('141', '6', '1', '0', 'http://img.168dh.cn/website/1576045754356qqemail.png', 'QQ邮箱', 'https://mail.qq.com/');
INSERT INTO `website_user` VALUES ('142', '1', '28', '0', 'http://q1clvr752.bkt.clouddn.com/website/1574394895548jd.svg', '京东商城', 'https://union-click.jd.com/jdc?e=&p=AyIGZRprFDJWWA1FBCVbV0IUWVALHFRBEwQAQB1AWQkFaxxfaF4TYDpdYRFTTwUFa1UVfz1dB3UOHjdVE14dBREEUxpbJQITBlUSUhwCFAVlK1sUMllpVCtbHQYXA1AZXRwAIgdRHV8WBxoAXRJYHAUiAFUSa05XfAEGSw8QCxZTXE9aFAciN2UYayUyEgdlG2tKRk9aZRlaFAYb');
INSERT INTO `website_user` VALUES ('143', '11', '28', '0', 'http://img.168dh.cn/website/1574402313228xiecheng.svg', '携程网', '//www.ctrip.com/?AllianceID=1113213&sid=2592216&ouid=&app=0101F00');
INSERT INTO `website_user` VALUES ('144', '12', '28', '0', 'http://img.168dh.cn/website/1574402445651feizhu.svg', '飞猪旅行', 'https://s.click.taobao.com/zyHofuv');
INSERT INTO `website_user` VALUES ('145', '13', '28', '0', 'http://img.168dh.cn/website/1574397741691suning.svg', '苏宁电器', 'https://sugs.suning.com/outstation.htm?p=BFAGFlINVAAQQhVjenFkXUsYVhAAR3duYn1QDCQ1dXNbSVINYzkoIh0XHREaHh0TZxRaIhQISRQ8V1UPVFoDGlBXGEJPCEoKWEtSLjo7aUtdHggSCgcmdyY6BwYvNGolDh5JDS45d30JBRoWGBMEG2cIFmwGREBSclBbRlBPGA');
INSERT INTO `website_user` VALUES ('146', '14', '28', '0', 'http://img.168dh.cn/website/1574398211213taobao.svg', '淘宝网', 'https://www.taobao.com/');
INSERT INTO `website_user` VALUES ('147', '15', '28', '0', 'http://img.168dh.cn/website/1574398320508tmall.svg', '天猫', 'https://www.tmall.com/');
INSERT INTO `website_user` VALUES ('148', '16', '28', '0', 'http://img.168dh.cn/website/1574398443756amazon.svg', '亚马逊', 'https://www.amazon.cn/');
INSERT INTO `website_user` VALUES ('149', '17', '28', '0', 'http://img.168dh.cn/website/1574398792388kaola.svg', '考拉海购', 'https://www.kaola.com/');
INSERT INTO `website_user` VALUES ('150', '18', '28', '0', 'http://img.168dh.cn/website/1574398927288aliyun.svg', '阿里云', 'https://s.click.taobao.com/7gUrfuv');
INSERT INTO `website_user` VALUES ('151', '9', '28', '0', 'http://img.168dh.cn/website/1574399812291bilibili.svg', '哔哩哔哩', 'https://www.bilibili.com/');
INSERT INTO `website_user` VALUES ('152', '7', '28', '0', 'http://img.168dh.cn/website/1574409294618v2ex.png', 'v2ex', 'https://www.v2ex.com/');
INSERT INTO `website_user` VALUES ('153', '4', '28', '0', 'http://img.168dh.cn/website/1574409299898juejin.svg', '掘金', 'https://juejin.im/');
INSERT INTO `website_user` VALUES ('154', '5', '28', '0', 'http://img.168dh.cn/website/1574409591168douban.svg', '豆瓣', 'https://www.douban.com/');
INSERT INTO `website_user` VALUES ('155', '2', '28', '0', 'http://img.168dh.cn/website/1574409590807zhihu.svg', '知乎', 'https://www.zhihu.com/');
INSERT INTO `website_user` VALUES ('156', '10', '28', '0', 'http://img.168dh.cn/website/1574409589994weibo.svg', '新浪微博', 'http://weibo.com/');
INSERT INTO `website_user` VALUES ('157', '19', '28', '0', 'http://img.168dh.cn/website/1576043939448huya.svg', '虎牙直播', 'https://www.huya.com/');
INSERT INTO `website_user` VALUES ('158', '20', '28', '0', 'http://img.168dh.cn/website/1576044033399douyu.svg', '斗鱼', 'https://www.douyu.com/');
INSERT INTO `website_user` VALUES ('159', '8', '28', '0', 'http://img.168dh.cn/website/1576044185796fanyi.png', '百度翻译', 'http://www.168dh.cn');
INSERT INTO `website_user` VALUES ('160', '21', '28', '0', 'http://img.168dh.cn/website/1574399865411iqiyi.svg', '爱奇艺', 'https://www.iqiyi.com/');
INSERT INTO `website_user` VALUES ('161', '22', '28', '0', 'http://img.168dh.cn/website/1574399928451tengxunshipin.svg', '腾讯视频', 'https://v.qq.com/');
INSERT INTO `website_user` VALUES ('162', '23', '28', '0', 'http://img.168dh.cn/website/1574400003893youku.svg', '优酷', 'https://www.youku.com/');
INSERT INTO `website_user` VALUES ('163', '24', '28', '0', 'http://img.168dh.cn/website/157604535119558.png', '58同城', 'https://www.58.com/');
INSERT INTO `website_user` VALUES ('164', '3', '28', '0', 'http://img.168dh.cn/website/1574404772897tengxunxinwen.svg', '腾讯新闻', 'https://news.qq.com/');
INSERT INTO `website_user` VALUES ('165', '6', '28', '0', 'http://img.168dh.cn/website/1576045754356qqemail.png', 'QQ邮箱', 'https://mail.qq.com/');
